copy_id,source_copy_id,launch_slot,title,body,cta,link_description,first_line
"TENOR-COPY001","COPY001","GLP lander","What GLP-1 Does to Your Drive","The weight's coming off.

But something else is going with it.

GLP-1 meds work. Nobody's arguing that.

But here's what your prescribing doctor didn't mention:

Rapid weight loss floods your system with cortisol.

Cortisol chokes the signal that keeps your energy steady. Your body burns lean tissue for fuel — instead of protecting it.

Your mornings get heavier.
Your afternoons disappear.
Your presence fades.

You're lighter on the scale — but foggier, flatter, and running on fumes.

That's not progress. That's a trade you didn't agree to.

Tenor Daily Drive Essentials was built to support what GLP-1s quietly drain:

💪 Tongkat Ali (400mg) — supports the stress response that rapid weight loss disrupts

💪 Zinc (50mg) — feeds the pathway your body needs to maintain healthy hormone levels

💪 21 active ingredients at disclosed doses — supporting drive, stamina, and recovery from every angle

No proprietary blends.
No hidden doses.
No guessing.

In a survey of 1,203 men, 94% reported sustained morning energy. 87% felt more focused and present. Results you can feel — backed by transparent dosing, not promises.

Save 52% on your first 90-day supply. 90-day empty-bottle guarantee.

See why men on GLP-1s are adding this two-capsule morning protocol to their daily routine.","Get The Protocol","Tenor's 21 active ingredients at disclosed doses support the systems GLP-1s quietly drain — energy, drive, stamina, and recovery. Two capsules every morning. No prescription. No needles.","The weight's coming off. But something else is going with it."
"TENOR-COPY002","COPY002","GLP lander","Keep Your Drive Steady on GLP-1s","GLP-1s cut appetite so hard your body starts burning muscle for fuel — not fat.

Tenor Daily Drive Essentials supports muscle preservation, steady metabolism, and healthy hormone pathways as the weight drops.

21 active ingredients. Disclosed doses. Third-party tested.

No needles. No prescription. No shutdown.

Two capsules every morning.

Support your drive while the fat comes off.

👉 Save 52% — 90-day empty-bottle guarantee.","Get The Protocol","✅ 90-Day Empty-Bottle Guarantee","GLP-1s cut appetite so hard your body starts burning muscle for fuel — not fat."
"TENOR-COPY003","COPY003","GLP lander","The GLP-1 Side Effect No One Mentions","What did they NOT tell you when they prescribed your GLP-1?

They told you about the nausea.
The injection schedule.
The dietary changes.

But nobody mentioned what's happening to your drive.

Here's the gap:

GLP-1 meds trigger rapid weight loss. Your body doesn't care whether it burns fat or lean tissue when it's shedding that fast.

You're losing the exact tissue that keeps your metabolism steady — and your hormone pathways healthy.

So the number on the scale drops.

But so does the thing behind your energy. Your focus. Your stamina. Your presence in every room that matters.

There's a reason you feel lighter but not better.

Dr. Adam Reese has seen this pattern hundreds of times. An MD who built Tenor specifically for the gap between ""your labs are normal"" and ""I don't feel like myself anymore.""

His recommendation for every man currently on a GLP-1:

A daily protocol. Two capsules every morning. 21 active ingredients at disclosed doses — supporting what rapid weight loss quietly drains.

💪 Tongkat Ali (400mg) — supports the stress response and healthy hormone pathways during rapid weight loss

💪 Zinc (50mg) — feeds the system your body relies on for testosterone metabolism

💪 Maca (250mg) + L-Arginine (250mg) — supports energy, circulation, and drive from two angles

No proprietary blends. Third-party tested. cGMP US facility.

In a survey of 1,203 men: 94% reported sustained morning energy. 81% noticed improved endurance. 87% felt more focused and present.

Save 52% on the 90-day supply. 90-day empty-bottle guarantee.

Read Dr. Reese's protocol for what GLP-1s are quietly doing to men's drive — and the daily support he recommends.","See Details","By Dr. Adam Reese, MD | Tenor Founder","What did they NOT tell you when they prescribed your GLP-1?"
"TENOR-COPY011","COPY011","Quiz funnel","Stop Losing Drive. Start Today.","Your energy is dropping right now.

And it's not ""just getting older.""

Every month you put off doing something about it, three systems keep declining together:

Your stress response stays elevated — draining the signal that keeps you sharp.

The pathway your body uses to produce drive gets quieter.

And circulation — the thing behind stamina, recovery, and presence — slows down.

That brain fog at 2 p.m.?

The gut that won't budge no matter what you eat?

The fact that you'd rather scroll your phone than do anything with your evening?

That's not laziness.

That's a system problem. And it compounds the longer you wait.

Tenor Daily Drive Essentials was built to support all three systems at once:

💪 Tongkat Ali (400mg) — supports healthy hormone pathways and stress response

💪 Zinc (50mg) — feeds the system your body relies on for daily drive

💪 L-Arginine (250mg) — supports nitric oxide and healthy circulation

And 21 total active ingredients working across three pathways — supporting what your body makes, keeping what you've got, and protecting the systems that produce it.

In a survey of 1,203 men: 94% reported sustained morning energy. 87% felt more focused and present. Not a vague ""maybe."" Real, steady energy.

Save 52% on your 90-day supply — plus a $62 Welcome Kit and free shipping. Every bottle backed by a 90-day empty-bottle guarantee.

If you don't feel the difference, you get every cent back.

But here's the thing — your drive isn't going to support itself while you ""think about it.""","Get The Protocol","-","Your energy is dropping right now. And it's not ""just getting older."""
"TENOR-COPY012","COPY012","Quiz funnel","Save 52% + Free $62 Welcome Kit 🚀","You eat clean. You move daily. You're STILL crashing by 3 p.m. and gaining weight.

Here's why.

If you're over 40 and constantly dragging through the day, or frustrated that workouts feel flat…

It's not willpower.

It's your systems.

The pathways behind energy, drive, and stamina start declining around 30. And that slow drain robs you of presence, focus, endurance, and the feeling that your body is actually responding.

One day you look up and wonder:

""What happened?""

Most guys try to fix it by training harder… eating cleaner… drinking more coffee…

And when that doesn't work?

A cabinet full of overpriced, under-dosed supplements with hidden blends. Or worse — considering a clinic, a prescription, needles.

Here's the truth:

You don't need a prescription.

You need a daily protocol that supports what your body is quietly losing.

That's what Tenor Daily Drive Essentials was built for.

21 active ingredients. Disclosed doses. Two capsules every morning:

🌿 Tongkat Ali (400mg) — supports drive, stress response, and morning energy
🪨 Maca (250mg) — supports stamina so you don't crash mid-day
🛡️ Zinc (50mg) — supports the pathway behind hormone balance
⚙️ Boron — supports free hormone levels your body can actually use
🌾 L-Arginine (250mg) — supports circulation and physical drive
⚡ Ginseng-Eleutherococcus (125mg) — supports recovery and mental focus
☀️ Botanical matrix (745mg) — nine adaptogens supporting daily vitality

No proprietary blends. No fairy dust. Just disclosed doses your body can feel.

In a survey of 1,203 men using Tenor for 90 days:

✅ 94% reported sustained morning energy
✅ 81% noticed improved endurance
✅ 87% felt more focused and present
✅ 92% said they felt more like themselves

No needles. No stacking. No cycling. Just a daily ritual.

Save 52% on the 90-Day Supply — plus a $62 Welcome Kit (Pill Caddy, Shaker Bottle, Baseball Cap) and free shipping.

810,000+ men have already made this their morning protocol.

If you don't feel steadier, sharper, and more present in 90 days — return even the empty bottles for a full refund. No questions asked.

👉 Support your drive. Naturally. Two capsules every morning.","Get The Protocol","-","You eat clean. You move daily. You're STILL crashing by 3 p.m. and gaining weight. Here's why."
"TENOR-COPY013","COPY013","Quiz funnel","Save 52% — 90-Day Guarantee","810,000+ men didn't start Tenor because of a slick ad.

They started because something changed.

One man's wife told him he seemed ""more there"" after three weeks. Another tried a dozen supplements — spent hundreds — before finding the one that actually made his mornings feel different. His words: ""The energy felt clean, not forced.""

Then there's the guy who walked away from the clinic entirely. Or the 52-year-old who says his afternoons don't crash anymore and his workouts feel purposeful again.

These aren't cherry-picked outliers. In a survey of 1,203 customers:

→ 94% reported sustained morning energy

→ 81% noticed improved endurance

→ 87% felt more focused and present

→ 92% said they felt more like themselves

The protocol: 21 active ingredients at disclosed doses supporting your drive from three angles — healthy hormone pathways (Tongkat Ali, Zinc, Boron), circulation and stamina (L-Arginine, Maca), and stress response (Ginseng-Eleutherococcus, adaptogens).

Every batch third-party tested. cGMP certified. Made in the USA.

Save 52% on the 90-day supply. Plus a 90-day empty-bottle guarantee. No risk. Just results or a full refund.","See Details","-","810,000+ men didn't start Tenor because of a slick ad."
"TENOR-COPY014","COPY014","Quiz funnel","Save 52% — 90-Day Guarantee","810,000+ men didn't start Tenor because of a slick ad.

They started because something changed.

One man's wife told him he seemed ""more there"" after three weeks. Another tried a dozen supplements — spent hundreds — before finding the one that actually made his mornings feel different. His words: ""The energy felt clean, not forced.""

Then there's the guy who walked away from the clinic entirely. Or the 52-year-old who says his afternoons don't crash anymore and his workouts feel purposeful again.

These aren't cherry-picked outliers. In a survey of 1,203 customers:

→ 94% reported sustained morning energy

→ 81% noticed improved endurance

→ 87% felt more focused and present

→ 92% said they felt more like themselves

The protocol: 21 active ingredients at disclosed doses supporting your drive from three angles — healthy hormone pathways (Tongkat Ali, Zinc, Boron), circulation and stamina (L-Arginine, Maca), and stress response (Ginseng-Eleutherococcus, adaptogens).

Every batch third-party tested. cGMP certified. Made in the USA.

Save 52% on the 90-day supply. Plus a 90-day empty-bottle guarantee. No risk. Just results or a full refund.","Get The Protocol","-","810,000+ men didn't start Tenor because of a slick ad."
"TENOR-COPY015","COPY015","Quiz funnel","90-Day Guarantee. Because It Works.","Your dad wasn't crashing at 3 p.m. every afternoon.

You are. At 47.

He didn't have:

❌ Screens. Deadlines. A phone in his hand from 6 a.m. to midnight.
Stress that never stops — quietly draining the signal behind your drive.

❌ Seed oils. Plastics. Tap water.
A food system working against your hormonal balance at every meal.

❌ Sitting. Commuting. Sleeping five hours.
A lifestyle that chokes circulation and recovery before your body even has a chance.

You're not broken.

You're unsupported.

Quietly. Steadily. For years.

Tenor Daily Drive Essentials was built to plug the leaks:

💪 Tongkat Ali (400mg) — supports the pathway your body forgot how to use

💪 Zinc (50mg) — feeds the system behind healthy hormone metabolism

💪 21 active ingredients — supporting drive, stamina, and recovery from every angle

No proprietary blends.
No hidden doses.
No guessing.

Just disclosed doses.
Two capsules.
Every morning.

Save 52% on your first 90-day supply. 90-day empty-bottle guarantee.

Stop waiting for it to fix itself.

Start supporting what's been declining.","Get The Protocol","✅ 90-Day Empty-Bottle Guarantee","Your dad wasn't crashing at 3 p.m. every afternoon. You are. At 47."
"TENOR-COPY016","COPY016","Quiz funnel","Save 52% + Free $62 Welcome Kit 🚀","SAVE 52% + FREE $62 WELCOME KIT 🔥

21 active ingredients. Disclosed doses. Third-party tested.

See how Tenor Daily Drive Essentials is helping men support steady energy, drive, and presence — naturally.

Two capsules every morning. No prescription. No clinic. No needles.

Get The Protocol — save 52% + free Welcome Kit + free shipping.","Get The Protocol","✅ 90-Day Empty-Bottle Guarantee","SAVE 52% + FREE $62 WELCOME KIT 🔥"
"TENOR-COPY017","COPY017","Quiz funnel","90-Day Guarantee. Because It Works.","Your dad wasn't dragging through every afternoon at 55.

You are. At 47.

He didn't have:

❌ Screens. Notifications. Blue light at 11 p.m.
A nervous system that never gets to rest.

❌ Seed oils. Plastics. Processed everything.
A food system turning your body against itself — one meal at a time.

❌ Deadlines. Commutes. Kids. Bills.
Stress that chokes the signal behind your drive. Slowly. For years.

You're not failing.

You're unsupported.

Tenor Daily Drive Essentials was built to support what's been quietly declining:

💪 Tongkat Ali (400mg) — supports the stress response and healthy hormone pathways

💪 Zinc (50mg) — feeds the system behind daily drive and focus

💪 21 active ingredients at disclosed doses — no proprietary blends, no hidden formulas

No guessing.
No fairy dust.
No tricks.

Just two capsules.
Every morning.
Disclosed doses your body can feel.

Save 52% on your 90-day supply. 90-day empty-bottle guarantee.

Stop waiting.

Start supporting.","Get The Protocol","-","Your dad wasn't dragging through every afternoon at 55. You are. At 47."
"TENOR-COPY018","COPY018","Quiz funnel","Save 52% + Free $62 Welcome Kit 🚀","Noticed your midsection holding on — no matter what you do?

That's not just extra calories. It's a visible sign of what's shifting inside.

Let's talk about something most men quietly notice but never say out loud…

The soft tissue where definition used to be.

Here's the truth: it's not about skipping workouts or eating too much.

It's what happens when the systems behind your drive start declining.

When those pathways slow — which research shows starts around 30 — your body's balance shifts. The result? Stored fat where lean tissue should be.

And that same shift is why you feel drained by 3 p.m. Why workouts feel flat. Why your drive isn't what it used to be.

You can try everything…

More reps. Cutting carbs. Fat burners. Another supplement with a hidden formula.

But if you don't support the underlying systems, you're wasting time and money.

That's why Dr. Adam Reese built Tenor Daily Drive Essentials.

21 active ingredients. Disclosed doses. Two capsules every morning:

🌿 Tongkat Ali (400mg) — supports healthy hormone pathways and stress response
🪨 Maca (250mg) — supports stamina and endocrine balance
🛡️ Zinc (50mg) — supports the pathway behind hormone production
⚙️ Boron — supports free hormone levels your body can use
🌾 L-Arginine (250mg) — supports circulation and physical drive
⚡ Ginseng-Eleutherococcus (125mg) — supports recovery and daily focus
☀️ Botanical Matrix (745mg) — nine adaptogens for energy, mood, and balance

In a survey of 1,203 Tenor customers:
✅ 94% reported sustained morning energy
✅ 81% noticed improved endurance
✅ 87% felt more focused and present
✅ 92% said they felt more like themselves

Two capsules every morning. That's it.

No needles. No prescription. No clinic. Just a simple daily protocol that supports your body's systems.

Save 52% on the 90-Day Supply — plus a $62 Welcome Kit and free shipping.

If it doesn't work for you? Return even the empty bottles. Full refund.

Support your drive. Naturally.","Get The Protocol","-","Noticed your midsection holding on — no matter what you do? That's not just extra calories. It's a visible sign of what's shifting inside."
