sourceSwipeLabel,headline,description,primaryText,cta,destinationUrl,assetId,creativeSpecId,selectedVariation
10.png,"Before You Commit To TRT, Read This",See what he did instead.,"Thousands of men are looking for a real alternative to the needle.

One board-certified MD was stunned when his patient decided to walk away from his TRT commitment entirely.

Months later, the results completely changed how this doctor talks to guys about their options.

He just broke down exactly what his patient did instead in this new article.",Learn More,https://shoptenorco.com/8b89a76d/daily-drive-essentials/walk-away-from-trt/,c6dbf060-7bae-406c-8c59-ee3cd9f1bbbd,78ee5ebc-c8c9-45d3-965e-d046420f208b,Variation 1: The Doctor's Discovery
11.png,What Made Him Cancel His TRT Appointment,The truth about his results.,"Committing to TRT is a massive, lifelong decision.

That is exactly why one man decided to cancel his treatment at the last minute.

He opted for a completely different daily habit instead.

Now, his own doctor is speaking out about the results.

Find out what he did before you make any permanent decisions.",Learn More,https://shoptenorco.com/8b89a76d/daily-drive-essentials/walk-away-from-trt/,e9858314-b995-4d04-aa6e-1160f532f944,9c764a99-2c7d-424f-98aa-98047b21389c,Variation 3: The Warning & Commitment Angle
12.png,Why He Walked Away From TRT,Read the full story now.,"A board-certified MD was stunned when his patient decided to cancel his TRT consultation.

Instead of committing to a lifetime of needles and clinic visits, the patient tried something completely different.

Months later, the results completely changed how this doctor talks to men over forty.

He recently published the full story—and the exact daily habit his patient used instead.",Learn More,https://shoptenorco.com/8b89a76d/daily-drive-essentials/walk-away-from-trt/,14b932f7-f61a-4917-a8f4-dbc915451f4b,b89f0d4e-44c2-47a5-b267-79e41b342c92,Variation 1: The Doctor's Revelation
5.png,"Before You Commit To TRT, Read This",Read the full story now.,"Thousands of men are looking for a real alternative to the needles and lifelong dependency of TRT.

One board-certified MD recently watched a patient walk away from the clinic entirely.

What that patient did instead changed how this doctor talks to every man over forty.

He broke down exactly what happened—and the daily habit behind it—in this new article.",Learn More,https://shoptenorco.com/8b89a76d/daily-drive-essentials/walk-away-from-trt/,e5d45b20-6354-49ae-9446-1990cbe6e9b5,96016739-426c-4ad3-b637-daee3e1856ed,Variation 1: The Doctor's Revelation
6.png,"Before You Commit To TRT, You Need To Read This",See what happened months later.,"Thousands of men are looking for a real alternative to the needle.

One board-certified MD watched a patient walk away from that massive commitment entirely.

Instead, the patient chose this daily routine.

Months later, the results changed how this doctor talks to every man his age.

He broke down exactly what happened in this new article.",Learn More,https://shoptenorco.com/8b89a76d/daily-drive-essentials/walk-away-from-trt/,7188ade4-1645-4cd1-b2bd-020f03400f14,19dc0d31-ae0f-421c-8248-0a6cf32dd442,Variation 1: The Doctor's Discovery
7.png,"Before You Commit to TRT, Read This",A board-certified MD shares what his patient chose instead.,"Thousands of men are looking for a real alternative to TRT.

They want something that avoids needles, ongoing monitoring, and long-term dependency.

One board-certified MD watched a patient walk away from TRT entirely.

The outcome changed how he talks to every man sitting in his exam room.

He broke down exactly what happened—and why—in this new article.",Learn More,https://shoptenorco.com/8b89a76d/daily-drive-essentials/walk-away-from-trt/,d9470a01-b151-44e9-bb8f-2ab11d961c07,74b80cea-ed90-4680-913a-06c801737e67,Variation 1: The Doctor's Revelation
8.png,"Before You Commit To The Needle, Read This",See what happened months later.,"Men everywhere are looking for a real alternative to the needle.

A board-certified MD watched a patient walk away from that massive lifelong commitment entirely.

Instead, the patient chose a completely different daily habit.

Months later, the results completely changed how this doctor talks to his patients.

He broke down exactly what happened in this new article.",Learn More,https://shoptenorco.com/8b89a76d/daily-drive-essentials/walk-away-from-trt/,c614cf97-458d-4688-8b74-3ad300595e54,99a1274d-4027-463a-a1a9-0631801b0b17,Variation 1: The Doctor's Discovery
9.png,"Before You Commit To The Clinic, Read This",Read the full story today.,"Men everywhere are looking for a real alternative to needles and long-term dependency.

This board-certified MD watched a patient walk away from the clinic entirely.

Months later, the results changed how he talks to every guy who walks through his door.

He broke down exactly what happened in this new article.",Learn More,https://shoptenorco.com/8b89a76d/daily-drive-essentials/walk-away-from-trt/,4daf46bc-625c-4401-ba93-9c50fac0c3b1,c27b08e1-3f54-448b-8c6e-15fb188ad703,Variation 1: The Doctor's Discovery
Static #1.png,"Before You Commit To TRT, Read This",The TRT alternative explained.,"Many men are searching for a real alternative to TRT that avoids needles and lifelong dependency.

A board-certified MD recently watched a patient walk away from his TRT commitment entirely.

Months later, the outcome completely changed how this doctor talks to his patients.

He broke down exactly what happened—and the daily habit his patient used instead—in this new article.",Learn More,https://shoptenorco.com/8b89a76d/daily-drive-essentials/walk-away-from-trt/,bec14033-f8a4-4f4b-94fa-12c94046e46b,04755868-8ea2-4b62-98ba-599d69d19c73,Variation 1: The Doctor's Discovery
Static #2.png,"Before You Commit To TRT, Read This",Read the full story now.,"Countless men are quietly canceling their clinic appointments.

They aren't giving up on feeling like themselves again.

Instead, they are turning to a completely different approach that doesn't involve needles or lifelong dependency.

A board-certified MD watched his patient make the switch, and the outcome completely changed his mind.

He just broke down exactly what happened in this new report.",Learn More,https://shoptenorco.com/8b89a76d/daily-drive-essentials/walk-away-from-trt/,1d271033-16a7-4285-884c-c77748bb27c1,b1469cf7-7edc-4266-8ef2-2c9597774946,Variation 1: The Doctor's Confession Approach
Static #3.png,"Before You Commit To TRT, Read This First",Read the full story now.,"Men are actively looking for a real alternative to TRT that doesn't involve needles or lifelong dependency.

A board-certified MD watched a patient walk away from the clinic entirely to try something else.

Months later, the results completely changed how this doctor talks to his patients.

He broke down exactly what happened and why in this new article.",Learn More,https://shoptenorco.com/8b89a76d/daily-drive-essentials/walk-away-from-trt/,881ed8fe-61a7-4bfc-afee-c483144774be,0c039000-a2d9-4e35-ada7-6546ade3be95,Variation 1: The Doctor's Shock
Static #4.png,"Patient Walks Away From TRT, Shocks His MD",Read the full story today.,"A board-certified physician thought he had seen it all.

Then a patient decided to completely walk away from a massive lifelong commitment.

Months later, the follow-up visit completely changed how this doctor handles every single appointment.

He just published the exact details of what this patient did instead.

Read the full breakdown before you make any permanent decisions.",Learn More,https://shoptenorco.com/8b89a76d/daily-drive-essentials/walk-away-from-trt/,096fe195-3a27-45f1-a28e-3e258f613276,2ee1d6c5-7ae0-4168-b463-dd96c70625ec,Variation 1: The Shocked MD Narrative
big_text.jpg,"Before You Commit To TRT, Read This",See the daily habit he chose instead.,"Men everywhere are looking for a real alternative to TRT.

They want the benefits without the needles, the constant monitoring, or the lifelong dependency.

One board-certified MD recently watched a patient walk away from the clinic entirely to try something else.

What happened next completely changed how this doctor talks to his patients.

He broke down the exact daily habit his patient used in this new article.",Learn More,https://shoptenorco.com/8b89a76d/daily-drive-essentials/walk-away-from-trt/,0640ba24-14b0-435e-8681-b22bc4e67b20,4e7299ca-6267-4f65-945d-96eeec4809a5,Variation 1: The Doctor's Confession
boss_babe.jpg,The Real Reason Men Over 40 Are Leaving TRT,Read the full breakdown now.,"Thousands of men are quietly canceling their clinic appointments.

One board-certified MD watched a patient walk away from the needles and the lifelong commitment entirely.

What happened over the next few months completely changed how this doctor talks to men over forty.

He finally broke down the exact reason why in this new article.",Learn More,https://shoptenorco.com/8b89a76d/daily-drive-essentials/walk-away-from-trt/,80e162c3-13a2-4584-a6ce-020daf04e55e,d2ee6f37-deb1-4901-9885-467100bdb2f7,Variation 1: The Patient Story
brush.jpg,"Before Committing To TRT, Read This",Read the full story now.,"A board-certified MD watched his patient walk away from a massive TRT commitment.

Instead, the patient tried something entirely different.

Months later, the outcome completely changed how this doctor advises men.

He just published the full story—and what the patient actually did—in a new article.",Learn More,https://shoptenorco.com/8b89a76d/daily-drive-essentials/walk-away-from-trt/,48c9e014-7c96-48e1-878f-b1bdf5feb256,776b0dcf-6a8e-4c70-87d8-0f3b9dc73373,Variation 1: The Doctor's Discovery
care_bag.jpg,"Before You Commit To TRT, Read This",Read the full story now.,"Men are rushing into lifelong hormone commitments without knowing the full story.

One board-certified MD watched a patient walk away from the needles entirely.

What that patient did instead changed how this doctor treats every man in his clinic.

He broke down the exact details of this alternative in a new article.",Learn More,https://shoptenorco.com/8b89a76d/daily-drive-essentials/walk-away-from-trt/,76c8690a-ed90-4be3-810d-dfe22fc2dcf2,7cedd866-e9c0-4bf8-837e-31aab3055381,Variation 1: The Doctor's Warning
derm_fag.jpg,"Before You Commit to TRT, Read This",See what he chose instead.,"Countless men over forty are looking for a real alternative to TRT.

They want something that doesn't involve needles or long-term dependency.

One board-certified MD watched a patient walk away from TRT entirely.

What happened next changed how he talks to every patient about their drive and energy.

He broke down exactly what this patient did instead in a new article.",Learn More,https://shoptenorco.com/8b89a76d/daily-drive-essentials/walk-away-from-trt/,73c763df-a256-45f5-938d-e45d2e804990,3d1c9c3a-5915-4fdf-b9f9-52d0f7fe5218,Variation 1: The Doctor's Discovery
drawing.jpg,"Before You Commit To TRT, Read This",The full story is finally public.,"Most men think needles and lifelong dependency are the only options left as they age.

But one board-certified MD recently watched a patient walk away from that massive commitment entirely.

Instead, the patient made one tiny daily shift to target a hidden physical cascade that most physicians completely miss.

The results completely changed how this doctor treats his patients.

He just published the full story of what happened right here.",Learn More,https://shoptenorco.com/8b89a76d/daily-drive-essentials/walk-away-from-trt/,196460ee-1e45-47e5-9d91-34f4e6bdc284,13b6c9f9-7218-4a27-bc0f-f1ee664204c0,Variation 1: The Doctor's Discovery
fatigue.jpg,"Before Committing To TRT, Read This",See what the doctor recommends instead.,"Men everywhere are looking for a real alternative to lifelong injections.

They want something that doesn't involve needles, constant monitoring, or long-term dependency.

Recently, a board-certified MD watched a patient walk away from the needle entirely.

What happened next completely changed how this doctor talks to his patients about fatigue.

He broke down exactly what they did instead in this new article.",Learn More,https://shoptenorco.com/8b89a76d/daily-drive-essentials/walk-away-from-trt/,a19147bb-b798-4c93-b31d-90c2ba6c560e,6efdfe6b-ca30-496d-a45b-f0522fcd5f12,Variation 1: The Doctor's Discovery
fb_message_ad.jpg,"Before You Commit To Injections, Read This",See the full story now.,"He was sitting in the clinic, moments away from committing to a lifetime of injections.

The ongoing costs and constant monitoring were enough to make him hesitate.

Then his doctor suggested he hold off and try this one alternative instead.

A few months later, the results completely changed how this MD talks to his older patients.

Read the full breakdown of what he did before you make any permanent decisions.",Learn More,https://shoptenorco.com/8b89a76d/daily-drive-essentials/walk-away-from-trt/,4a98e6c6-e9cb-4c3e-ac5c-277302d670dc,f8799ae2-80f9-4a1a-9306-94fd6f3b66ca,Variation 1: Clinic Escape Narrative
green.jpg,"Before You Commit To TRT, Read This",The shocking alternative revealed.,"Thousands of men are looking for a real alternative to TRT.

They want something that doesn't involve needles or long-term dependency.

One board-certified MD watched a patient walk away from the clinic entirely.

When he saw the follow-up labs, it changed how he talks to every patient.

He broke down exactly what happened in this new article.",Learn More,https://shoptenorco.com/8b89a76d/daily-drive-essentials/walk-away-from-trt/,e9878d46-524e-4124-a986-749772b97e13,dd135076-7c01-44e0-9f0d-523fe99e2aa1,Variation 1: The Doctor's Confession
grocery.jpg,"Before You Commit To TRT, Read This",Read the full story now.,"Thousands of men are looking for a real alternative to lifelong injections.

They want something that doesn't involve constant monitoring or long-term dependency.

One board-certified MD watched a patient walk away from that massive commitment entirely.

Months later, what happened changed how this doctor talks to every single patient.

He broke down the exact daily routine his patient used in this new article.",Learn More,https://shoptenorco.com/8b89a76d/daily-drive-essentials/walk-away-from-trt/,722076eb-cf2c-46f5-8d8b-893a74768591,d1ea400f-9328-48ae-b731-5923b209bcf2,Variation 1: The Doctor's Revelation
health_cute_advertorial.jpg,"Before You Commit To The Needle, Read This",See what he discovered.,"Countless guys are looking for a real alternative to the needle.

One board-certified MD watched a patient walk away from that massive commitment entirely.

What the patient did instead completely changed how this doctor talks to older men.

He broke down exactly what happened in this new article.",Learn More,https://shoptenorco.com/8b89a76d/daily-drive-essentials/walk-away-from-trt/,de62234d-a6a5-4c4c-ae60-027a95f09513,a624c8e4-aa1e-4786-81ef-069762da4c81,Variation 1: The Doctor's Revelation
old_school.jpg,"Before You Commit To TRT, Read This",See the full story now.,"Most men over 40 think they only have one option when they start feeling sluggish and drained.

That is exactly what my patient thought before he decided to walk away from the needles and clinic visits entirely.

He decided to try something completely different to target a hidden cascade that most physicians completely miss.

When I saw his lab results a few months later, it completely changed how I talk to men about their options.

Read the full breakdown of what he did right here.",Learn More,https://shoptenorco.com/8b89a76d/daily-drive-essentials/walk-away-from-trt/,9b823e1d-bf70-4232-9024-a053bde91178,2c2822dd-48be-4322-8b3e-9aeb3b31db96,Variation 1: The Doctor's Confession
raise_a_winner.jpg,"Before You Commit To The Clinic, Read This",The alternative revealed.,"Many men are looking for a real alternative to the needle.

They want their drive back, but they don't want the lifelong commitment.

A board-certified MD watched a patient walk away from the clinic entirely.

What that patient did instead changed how this doctor talks to every man his age.

He broke down exactly what happened in this new article.",Learn More,https://shoptenorco.com/8b89a76d/daily-drive-essentials/walk-away-from-trt/,939e3bd8-f4ca-4d83-9d32-19dcf13e3a66,a3cf1010-c08b-4cbe-bc57-cd9682b26eff,Variation 1: The Doctor's Revelation
researchers.jpg,"Before You Commit To TRT, Read This First",Read the full story today.,"Thousands of men are looking for a real alternative to TRT.

They want their drive back, but they don't want the needles or the lifelong dependency.

Recently, one board-certified MD watched a patient walk away from the clinic entirely.

What that patient did instead completely changed how this doctor treats his patients.

He just published the full story—and the exact daily habit involved—in a new article.",Learn More,https://shoptenorco.com/8b89a76d/daily-drive-essentials/walk-away-from-trt/,ee2be5ab-fb9d-4d86-ae46-9ed72aca5eb5,e0d052f1-8f05-4790-9a53-3cca960e1b9e,Variation 1: The Doctor's Revelation
researchers.jpg,Why So Many Men Are Walking Away From TRT,Read the full doctor's report today.,"A board-certified MD recently watched a patient completely walk away from a TRT commitment.

Instead of needles and ongoing monitoring, the man chose a completely different daily habit.

Months later, the outcome completely changed how this doctor talks to his patients.

He just published the full story—and the exact daily routine the patient used—in a new briefing.",Learn More,https://shoptenorco.com/8b89a76d/daily-drive-essentials/walk-away-from-trt/,ae5e2163-3be3-4e4b-842b-9518d9400036,b8c9a185-d96e-4189-9736-a39cd4a95210,Variation 1: The Doctor's Shock Approach
spanish_doctor_cta.jpg,What Happens When You Walk Away From TRT,Read the full patient story today.,"A patient refused the standard testosterone route and opted for something completely different.

Months later, the results completely shifted how this doctor views men's health.

It turns out there is a hidden alternative that doesn't involve needles or lifelong dependency.

The full story was just leaked in this new report.",Learn More,https://shoptenorco.com/8b89a76d/daily-drive-essentials/walk-away-from-trt/,417d5bae-bd93-49e1-b0cf-6e3aaa804ae4,a71cbccf-ec03-45e1-be8a-e392db0df135,Variation 1: The Warning Approach
target_1.jpg,Read The Doctor's Full Report,Read the full story now.,"Thousands of men are looking for a real alternative to the needle.

One board-certified MD watched a patient walk away from a massive lifelong commitment.

What that patient chose to do instead completely changed how this doctor treats men.

He broke down exactly what happened in this new report.",Learn More,https://shoptenorco.com/8b89a76d/daily-drive-essentials/walk-away-from-trt/,5cfb9670-d37b-408d-a2a0-075f64b5b2cc,0a20d63f-fb37-4fd3-beb4-1daeb8f7c339,Variation 1: The Doctor's Confession
women_health.jpg,"Before You Commit To The Needle, Read This",See what the doctor discovered.,"Men are looking for a real alternative to the needle.

But most are missing one crucial detail on their lab results.

One board-certified MD watched a patient walk away from the needle entirely.

What happened next changed how this doctor talks to every patient.

He broke down exactly what they did instead in this new article.",Learn More,https://shoptenorco.com/8b89a76d/daily-drive-essentials/walk-away-from-trt/,9688e568-dc42-4d26-a8b0-72de56137e2f,e50059c3-fdf0-44a3-9dd4-7c1bf5fc6935,Variation 1: The Missed Detail Approach
