launch_slot,source_copy_id,remix_copy_id,remix_title,remix_body,remix_cta,remix_link_description,remix_first_line,creative_ids,creative_files,creative_reference_titles,reference_urls,exact_landers,source_copy_title,source_ad_body,source_cta,source_link_description,ad_instance_count,source_ad_ids,source_share_urls,source_recipe_refs
GLP lander,COPY001,TENOR-COPY001,What GLP-1 Does to Your Drive,"The weight's coming off.

But something else is going with it.

GLP-1 meds work. Nobody's arguing that.

But here's what your prescribing doctor didn't mention:

Rapid weight loss floods your system with cortisol.

Cortisol chokes the signal that keeps your energy steady. Your body burns lean tissue for fuel — instead of protecting it.

Your mornings get heavier.
Your afternoons disappear.
Your presence fades.

You're lighter on the scale — but foggier, flatter, and running on fumes.

That's not progress. That's a trade you didn't agree to.

Tenor Daily Drive Essentials was built to support what GLP-1s quietly drain:

💪 Tongkat Ali (400mg) — supports the stress response that rapid weight loss disrupts

💪 Zinc (50mg) — feeds the pathway your body needs to maintain healthy hormone levels

💪 21 active ingredients at disclosed doses — supporting drive, stamina, and recovery from every angle

No proprietary blends.
No hidden doses.
No guessing.

In a survey of 1,203 men, 94% reported sustained morning energy. 87% felt more focused and present. Results you can feel — backed by transparent dosing, not promises.

Save 52% on your first 90-day supply. 90-day empty-bottle guarantee.

See why men on GLP-1s are adding this two-capsule morning protocol to their daily routine.",Get The Protocol,"Tenor's 21 active ingredients at disclosed doses support the systems GLP-1s quietly drain — energy, drive, stamina, and recovery. Two capsules every morning. No prescription. No needles.",The weight's coming off. But something else is going with it.,C001 | C002 | C004 | C006 | C011,creatives/C001_9e8258a1f182_what-glp-1-does-to-your-t-levels.jpg | creatives/C002_f8df570293df_what-glp-1-does-to-your-t-levels.jpg | creatives/C004_800f664d3e77_what-glp-1-does-to-your-t-levels.jpg | creatives/C006_b2ce46c5e9a8_what-glp-1-does-to-your-t-levels.jpg | creatives/C011_26669e11fb36_what-glp-1-does-to-your-t-levels.jpg,C001: What GLP-1 Does to Your T Levels | C002: What GLP-1 Does to Your T Levels | C004: What GLP-1 Does to Your T Levels | C006: What GLP-1 Does to Your T Levels | C011: What GLP-1 Does to Your T Levels,https://mengotomars.com/pages/10-reasons-glp,GLP / 10-reasons-glp,What GLP-1 Does to Your T Levels,"The weight's coming off. But so is your testosterone. GLP-1 meds are incredible for dropping pounds.

Nobody's arguing that. But here's what your prescribing doctor probably didn't mention.

Rapid weight loss triggers a massive cortisol spike.

Cortisol tanks testosterone production at the source. Your body starts burning muscle for fuel instead of protecting it. Your energy craters. Your drive disappears. Your strength fades.

You're thinner — but weaker, foggier, and running on fumes. That's not a win.

Mars Men was built to protect what GLP-1s are quietly destroying.

Tongkat Ali blocks the cortisol spike that crashes your T during rapid weight loss.

Boron lowers SHBG so the testosterone you still have isn't locked up and useless. 8 clinically-dosed ingredients attacking the problem from every angle.

This isn't theory. 91% of men in a 1,000-person survey reported higher energy within 90 days. 87% reported increased strength. Results backed by bloodwork, not promises.

Right now it's 50% off with a full 90-day money-back guarantee.

Read the 10 reasons men on GLP-1s are adding this to their daily stack.",Shop now,"Mars Men's clinical doses of Zinc (30mg) and Vitamin D (4,000 IU) signal your body to preserve lean mass while burning fat.3 4 You don't just get lighter. You get leaner.",22,"94903611, 94903470, 94284844, 94284842, 94284666, 94284377, 94284350, 94903638, 94903621, 94903546, 94903493, 94284582, 94284507, 94284384, 94284378, 94284374, 94284291, 94903532, 94903411, 94903406, 95129975, 95129974",https://app.gethookd.ai/share/ad/94903611?signature=019544b1009eb33802b00095993995fd168a33b6bd4cf2a1692c4fdcd779c7f1 | https://app.gethookd.ai/share/ad/94903470?signature=b22c6e387e5a809311d4189a3c9cb8e028fdc9aefeaa39b43b40cf2f705e350b | https://app.gethookd.ai/share/ad/94284844?signature=24c54e6cb67c54355d3b5b10e9a1da82bdb1593cf4ee389317fdea4c4c6a6031 | https://app.gethookd.ai/share/ad/94284842?signature=45f356fc0d13b4f995142078f4034193e08dfc6ad9eeaf6d0ab591fac4612bf8 | https://app.gethookd.ai/share/ad/94284666?signature=45f3dde9986db14b6b11ffd0ce78a1345a2c4a3bfa0af6925e50687ac00b8454 | https://app.gethookd.ai/share/ad/94284377?signature=e60d92c8195789c15ca93442b257ceeeb521a83e037e26f7efa9186a6c4c5350 | https://app.gethookd.ai/share/ad/94284350?signature=411ea13dd584209f4e5e536f535b1b1a7940c98870aedc12a043d8effb14183d | https://app.gethookd.ai/share/ad/94903638?signature=d3ca78e7e44dfb4b046ef1807c07e916badf38c7ae18641143d3e58f1205790c | https://app.gethookd.ai/share/ad/94903621?signature=59f5d8d9aa5154c4cb4440ebcd34b8a044e337f735ac8f6f00a765f47b178afb | https://app.gethookd.ai/share/ad/94903546?signature=f707b33a121abdf52315c97108c504d2f758b3ed72ceb9a4fd6d9d4baf4e2b35 | https://app.gethookd.ai/share/ad/94903493?signature=9dcc95aabf4d7c89cf04041889acdbeb2f3c159ea7063922a94e117d8b572916 | https://app.gethookd.ai/share/ad/94284582?signature=4a5fb4fe90373c09cc133ab0dbc536d3473c178bffb5fd86461232f5d847e435 | https://app.gethookd.ai/share/ad/94284507?signature=8cf7834bd425019093f75441959c7e1dcd0d59fb28f1bc76da8f7dc104bf1ba3 | https://app.gethookd.ai/share/ad/94284384?signature=5a4427e2de486495c218563ed1555a44c345d7d9f3899efc512ed9700d15f1aa | https://app.gethookd.ai/share/ad/94284378?signature=0751381e604418494b109f0e47a44b3d363c044871d25d92829e9b0b2822bc27 | https://app.gethookd.ai/share/ad/94284374?signature=b9e78a287af1702b628636a0e2a0175ea682251926bfbac98ed596fec7dfacb8 | https://app.gethookd.ai/share/ad/94284291?signature=45f5483a041a8b62fdbc61caca4c020dc35dcc0f3ce70b16e51361635160f714 | https://app.gethookd.ai/share/ad/94903532?signature=de52f7b8f168344e6d49e2e98e7389ba2cd2683fbf7333a377c35f7f22c888c8 | https://app.gethookd.ai/share/ad/94903411?signature=7cc5fe33dd1cec43b3ded8bc523fcd049409c0e72889f551ff5d30aaeb5a5934 | https://app.gethookd.ai/share/ad/94903406?signature=ecbe35d827d78da61591d413b2ee72ccd26eae90331869b79d3a30bd6da28293 | https://app.gethookd.ai/share/ad/95129975?signature=c7173a4b171bbdbb4f133618bbfbf2d2b6274ab9ef75701779c0304af9d1103a | https://app.gethookd.ai/share/ad/95129974?signature=8fa9f1fffd9d90808b937255a34f989035b4928b4cc70d5a529c6719532fff6a,mars-men-static-canonical-recipes-share/index.html#ad-94903611 | mars-men-static-canonical-recipes-share/index.html#ad-94903470 | mars-men-static-canonical-recipes-share/index.html#ad-94284844 | mars-men-static-canonical-recipes-share/index.html#ad-94284842 | mars-men-static-canonical-recipes-share/index.html#ad-94284666 | mars-men-static-canonical-recipes-share/index.html#ad-94284377 | mars-men-static-canonical-recipes-share/index.html#ad-94284350 | mars-men-static-canonical-recipes-share/index.html#ad-94903638 | mars-men-static-canonical-recipes-share/index.html#ad-94903621 | mars-men-static-canonical-recipes-share/index.html#ad-94903546 | mars-men-static-canonical-recipes-share/index.html#ad-94903493 | mars-men-static-canonical-recipes-share/index.html#ad-94284582 | mars-men-static-canonical-recipes-share/index.html#ad-94284507 | mars-men-static-canonical-recipes-share/index.html#ad-94284384 | mars-men-static-canonical-recipes-share/index.html#ad-94284378 | mars-men-static-canonical-recipes-share/index.html#ad-94284374 | mars-men-static-canonical-recipes-share/index.html#ad-94284291 | mars-men-static-canonical-recipes-share/index.html#ad-94903532 | mars-men-static-canonical-recipes-share/index.html#ad-94903411 | mars-men-static-canonical-recipes-share/index.html#ad-94903406 | mars-men-static-canonical-recipes-share/index.html#ad-95129975 | mars-men-static-canonical-recipes-share/index.html#ad-95129974
GLP lander,COPY002,TENOR-COPY002,Keep Your Drive Steady on GLP-1s,"GLP-1s cut appetite so hard your body starts burning muscle for fuel — not fat.

Tenor Daily Drive Essentials supports muscle preservation, steady metabolism, and healthy hormone pathways as the weight drops.

21 active ingredients. Disclosed doses. Third-party tested.

No needles. No prescription. No shutdown.

Two capsules every morning.

Support your drive while the fat comes off.

👉 Save 52% — 90-day empty-bottle guarantee.",Get The Protocol,✅ 90-Day Empty-Bottle Guarantee,GLP-1s cut appetite so hard your body starts burning muscle for fuel — not fat.,C008 | C003 | C009 | C007 | C005 | C010 | C012,creatives/C008_9270ea507925_keep-muscle-metabolism-on-glp-1s.jpg | creatives/C003_43431105b689_keep-muscle-metabolism-on-glp-1s.jpg | creatives/C009_7fbb027c0bfa_keep-muscle-metabolism-on-glp-1s.jpg | creatives/C007_8f5d831e6729_keep-muscle-metabolism-on-glp-1s.jpg | creatives/C005_4fd92e9dcc86_keep-muscle-metabolism-on-glp-1s.jpg | creatives/C010_89f6bd96d1dc_keep-muscle-metabolism-on-glp-1s.jpg | creatives/C012_eef387130f15_keep-muscle-metabolism-on-glp-1s.jpg,C008: Keep Muscle + Metabolism on GLP-1s | C003: Keep Muscle + Metabolism on GLP-1s | C009: Keep Muscle + Metabolism on GLP-1s | C007: Keep Muscle + Metabolism on GLP-1s | C005: Keep Muscle + Metabolism on GLP-1s | C010: Keep Muscle + Metabolism on GLP-1s | C012: Keep Muscle + Metabolism on GLP-1s,https://mengotomars.com/pages/10-reasons-glp,GLP / 10-reasons-glp,Keep Muscle + Metabolism on GLP-1s,"GLP-1s suppress appetite so hard your body starts eating muscle for fuel not fat.

Mars Men keeps muscle strong, metabolism firing, and T levels protected as fat drops. Natural, third-party tested, and safe no needles, no shutdown. 💪

Get your edge back while burning fat.

👉 50% OFF for a limited time.",Shop now,✅ 100% Satisfaction Guaranteed,13,"94903681, 94903631, 96362526, 96362512, 96362501, 95129903, 95129831, 94903835, 94903796, 94903342, 94903337, 94903329, 95129805",https://app.gethookd.ai/share/ad/94903681?signature=c1e8524abde54275acf4326717f94eb0d6daf15eb68efc85c13a3d5a3eb41989 | https://app.gethookd.ai/share/ad/94903631?signature=56f10a4554293cf83911b3a14550a673aece176852abc3a9cb436a4fbacbab0c | https://app.gethookd.ai/share/ad/96362526?signature=9c357eaf984d5d32abc9749cf0a58d4852bc75bee0e82aaeb1de2f3987fdf2c7 | https://app.gethookd.ai/share/ad/96362512?signature=a0758f5221ba24296eed3935c2ec2b8baade89da7b3c39b97d1c6180ecf67f6f | https://app.gethookd.ai/share/ad/96362501?signature=c60603f42200e585a9d0f72a2d680edb138ae810d74fa2d280501312d51928eb | https://app.gethookd.ai/share/ad/95129903?signature=d144aa10d3b71a93fe65219a8d1356ca3b34f9840ae099ca14b28073d9f242c2 | https://app.gethookd.ai/share/ad/95129831?signature=4c4ed1535dc5cd07b1b4bb5c90919539ac71547cb91d350c49db5e9a53d45569 | https://app.gethookd.ai/share/ad/94903835?signature=3040ad57877b1467599f1bb3cbb93a493f33867b84410e519ffda109ddb86895 | https://app.gethookd.ai/share/ad/94903796?signature=2565a1ffdda05bb6827e255dec32804c8a2fbf86aa93c4427dcc55c57bb6d022 | https://app.gethookd.ai/share/ad/94903342?signature=a2fea2875abc3466baa650ea713cb545a3791300a5c145b5ca7bb230d11e0525 | https://app.gethookd.ai/share/ad/94903337?signature=426b0f23bf1b7c4a8c5d0d8e2dafe6e83b267ebf4f677d1485207773c76ad9fc | https://app.gethookd.ai/share/ad/94903329?signature=bc4cfc9ac9fa891329a29e9cb035702ad2facd5a7c2e88fe69d8509f6bcec34b | https://app.gethookd.ai/share/ad/95129805?signature=844d0202359d41c8327119427248aa96baea543ab993d1d2f872eb84963a7e21,mars-men-static-canonical-recipes-share/index.html#ad-94903681 | mars-men-static-canonical-recipes-share/index.html#ad-94903631 | mars-men-static-canonical-recipes-share/index.html#ad-96362526 | mars-men-static-canonical-recipes-share/index.html#ad-96362512 | mars-men-static-canonical-recipes-share/index.html#ad-96362501 | mars-men-static-canonical-recipes-share/index.html#ad-95129903 | mars-men-static-canonical-recipes-share/index.html#ad-95129831 | mars-men-static-canonical-recipes-share/index.html#ad-94903835 | mars-men-static-canonical-recipes-share/index.html#ad-94903796 | mars-men-static-canonical-recipes-share/index.html#ad-94903342 | mars-men-static-canonical-recipes-share/index.html#ad-94903337 | mars-men-static-canonical-recipes-share/index.html#ad-94903329 | mars-men-static-canonical-recipes-share/index.html#ad-95129805
GLP lander,COPY003,TENOR-COPY003,The GLP-1 Side Effect No One Mentions,"What did they NOT tell you when they prescribed your GLP-1?

They told you about the nausea.
The injection schedule.
The dietary changes.

But nobody mentioned what's happening to your drive.

Here's the gap:

GLP-1 meds trigger rapid weight loss. Your body doesn't care whether it burns fat or lean tissue when it's shedding that fast.

You're losing the exact tissue that keeps your metabolism steady — and your hormone pathways healthy.

So the number on the scale drops.

But so does the thing behind your energy. Your focus. Your stamina. Your presence in every room that matters.

There's a reason you feel lighter but not better.

Dr. Adam Reese has seen this pattern hundreds of times. An MD who built Tenor specifically for the gap between ""your labs are normal"" and ""I don't feel like myself anymore.""

His recommendation for every man currently on a GLP-1:

A daily protocol. Two capsules every morning. 21 active ingredients at disclosed doses — supporting what rapid weight loss quietly drains.

💪 Tongkat Ali (400mg) — supports the stress response and healthy hormone pathways during rapid weight loss

💪 Zinc (50mg) — feeds the system your body relies on for testosterone metabolism

💪 Maca (250mg) + L-Arginine (250mg) — supports energy, circulation, and drive from two angles

No proprietary blends. Third-party tested. cGMP US facility.

In a survey of 1,203 men: 94% reported sustained morning energy. 81% noticed improved endurance. 87% felt more focused and present.

Save 52% on the 90-day supply. 90-day empty-bottle guarantee.

Read Dr. Reese's protocol for what GLP-1s are quietly doing to men's drive — and the daily support he recommends.",See Details,"By Dr. Adam Reese, MD | Tenor Founder",What did they NOT tell you when they prescribed your GLP-1?,C013,creatives/C013_be538fae84b8_the-glp-1-side-effect-no-one-mentions.jpg,C013: The GLP-1 Side Effect No One Mentions,https://mengotomars.com/pages/dr-latt-glp,GLP / dr-latt-glp,The GLP-1 Side Effect No One Mentions,"What did they NOT tell you when they prescribed your GLP-1?

They told you about the nausea. The injection schedule. The dietary changes.

But nobody mentioned what's happening to your testosterone.

Here's the gap in your doctor's advice: GLP-1 medications trigger rapid weight loss. Great. But your body doesn't discriminate between fat and muscle when it's shedding weight that fast. You're losing lean tissue — the exact tissue responsible for keeping your metabolism firing and your T levels healthy.

Research now shows GLP-1 users face significantly higher risk of testosterone deficiency. So while the number on the scale drops, so does the hormone responsible for your energy, your strength, your drive, and your performance in every area that matters.

There's a reason you feel lighter but not better.

Dr. Latt Mansor knows this better than almost anyone. Oxford PhD. Columbia MS. He consults with Navy SEALs and Olympic athletes on performance optimization. And he has a specific recommendation for every man currently on a GLP-1.

It starts with eight ingredients most doctors have never heard of.

Boron to lower SHBG and free up locked testosterone. Tongkat Ali to block aromatase — the enzyme converting your T to estrogen. Fenugreek to protect against another conversion pathway. All at full clinical doses in one daily stack called Mars Men.

91% of men in a 1,000-person survey reported higher energy within 90 days. 87% reported increased strength.

Mars Men is currently 50% off with a full 90-day money-back guarantee.

Read Dr. Latt's 2-minute article on what GLP-1s are really doing to men's hormones — and the natural protocol he says every GLP-1 user needs.",See details,"By Dr. Latt Mansor, PhD, M.S. | Physiology, Anatomy & Genetics, University of Oxford | Biotechnology, Columbia University",1,94903594,https://app.gethookd.ai/share/ad/94903594?signature=1018806551da3d3e9b83a00f6b2afea67502f10d3acef62b45bc0fe47e79b702,mars-men-static-canonical-recipes-share/index.html#ad-94903594
Quiz funnel,COPY011,TENOR-COPY011,Stop Losing Drive. Start Today.,"Your energy is dropping right now.

And it's not ""just getting older.""

Every month you put off doing something about it, three systems keep declining together:

Your stress response stays elevated — draining the signal that keeps you sharp.

The pathway your body uses to produce drive gets quieter.

And circulation — the thing behind stamina, recovery, and presence — slows down.

That brain fog at 2 p.m.?

The gut that won't budge no matter what you eat?

The fact that you'd rather scroll your phone than do anything with your evening?

That's not laziness.

That's a system problem. And it compounds the longer you wait.

Tenor Daily Drive Essentials was built to support all three systems at once:

💪 Tongkat Ali (400mg) — supports healthy hormone pathways and stress response

💪 Zinc (50mg) — feeds the system your body relies on for daily drive

💪 L-Arginine (250mg) — supports nitric oxide and healthy circulation

And 21 total active ingredients working across three pathways — supporting what your body makes, keeping what you've got, and protecting the systems that produce it.

In a survey of 1,203 men: 94% reported sustained morning energy. 87% felt more focused and present. Not a vague ""maybe."" Real, steady energy.

Save 52% on your 90-day supply — plus a $62 Welcome Kit and free shipping. Every bottle backed by a 90-day empty-bottle guarantee.

If you don't feel the difference, you get every cent back.

But here's the thing — your drive isn't going to support itself while you ""think about it.""",Get The Protocol,-,"Your energy is dropping right now. And it's not ""just getting older.""",C022 | C019 | C020,creatives/C022_b8ae6309e669_stop-losing-t-start-today.jpg | creatives/C019_0ad348f58649_stop-losing-t-start-today.jpg | creatives/C020_a69854ae5386_stop-losing-t-start-today.jpg,C022: Stop Losing T. Start Today. | C019: Stop Losing T. Start Today. | C020: Stop Losing T. Start Today.,https://mengotomars.com/pages/quiz-v6,Quiz funnel / quiz-v6,Stop Losing T. Start Today.,"Your testosterone is dropping right now. And it's not ""just getting older.""

Every single month you put off doing something about it, your body converts more of your remaining T into estrogen.

Your SHBG locks up what's left. And cortisol — from stress, bad sleep, and modern life — tanks production at the source.

That brain fog at 2pm?

The gut that won't budge no matter what you eat?

The fact that you'd rather scroll your phone than do anything with your evening?

That's not laziness. That's a hormone problem. And it compounds the longer you wait.

Mars Men was built to fight all three thieves simultaneously.

Tongkat Ali blocks the enzyme that converts your T to estrogen and drives cortisol down.

Boron lowers SHBG so your body can actually use the testosterone it makes.

And the full 8-ingredient stack works across three pathways — making more T, keeping what you've got, and protecting the cells that produce it.

91% of men reported higher energy within 90 days in a survey of over 1,000 customers. Not a vague ""maybe I feel something."" Real, noticeable energy.

Right now it's 50% off — plus free gifts and free shipping. Every bottle is backed by a 90-day Higher-T Guarantee.

If you don't feel the difference, you get every cent back.

But here's the thing — your T isn't going to fix itself while you ""think about it.""",Shop now,-,10,"94903689, 94903485, 94284399, 94284394, 94284351, 95130056, 95129919, 95129899, 95129849, 96362585",https://app.gethookd.ai/share/ad/94903689?signature=aa874a24df3992d506048ef72f2addc6fe6cb06efc3f4545148791df377c43ed | https://app.gethookd.ai/share/ad/94903485?signature=e50976ba7fc6418481aabb5b3c9f874ade004439ad42f9ba4e78a75573ed6fce | https://app.gethookd.ai/share/ad/94284399?signature=7e42af1aca8df719fa021ac7ea3551a0a9e0442648db043cb157ff59d96021f7 | https://app.gethookd.ai/share/ad/94284394?signature=dd47aafa4f62e4d970d6192aeec5cb5b5a8eb57a5f730941eae75d4f631ffa9e | https://app.gethookd.ai/share/ad/94284351?signature=b8064e6c494e170d2e223da891ba2d8a103e1f17fff0c7331e5257663b8074cd | https://app.gethookd.ai/share/ad/95130056?signature=fc55e6febed94aa60276d8a9a336dc6531c556fc679b61f2acf142e84eb4295a | https://app.gethookd.ai/share/ad/95129919?signature=f2a634d74104954a4dd52bd1c24c74836821013b9420c7fe74e045f57905bd79 | https://app.gethookd.ai/share/ad/95129899?signature=2e50d65f56a7decf596c177bf1fc3510e762ff07b5fc8500a77278079951066a | https://app.gethookd.ai/share/ad/95129849?signature=4589f54ddcb099cae0d267080db689f2e5dbc30f371b594aca2489c3fb93bc99 | https://app.gethookd.ai/share/ad/96362585?signature=ce0851bce237191f2bdfd88e6ae82c6c96a8b78192c4b4cc2fcca18e0fd704bf,mars-men-static-canonical-recipes-share/index.html#ad-94903689 | mars-men-static-canonical-recipes-share/index.html#ad-94903485 | mars-men-static-canonical-recipes-share/index.html#ad-94284399 | mars-men-static-canonical-recipes-share/index.html#ad-94284394 | mars-men-static-canonical-recipes-share/index.html#ad-94284351 | mars-men-static-canonical-recipes-share/index.html#ad-95130056 | mars-men-static-canonical-recipes-share/index.html#ad-95129919 | mars-men-static-canonical-recipes-share/index.html#ad-95129899 | mars-men-static-canonical-recipes-share/index.html#ad-95129849 | mars-men-static-canonical-recipes-share/index.html#ad-96362585
Quiz funnel,COPY012,TENOR-COPY012,Save 52% + Free $62 Welcome Kit 🚀,"You eat clean. You move daily. You're STILL crashing by 3 p.m. and gaining weight.

Here's why.

If you're over 40 and constantly dragging through the day, or frustrated that workouts feel flat…

It's not willpower.

It's your systems.

The pathways behind energy, drive, and stamina start declining around 30. And that slow drain robs you of presence, focus, endurance, and the feeling that your body is actually responding.

One day you look up and wonder:

""What happened?""

Most guys try to fix it by training harder… eating cleaner… drinking more coffee…

And when that doesn't work?

A cabinet full of overpriced, under-dosed supplements with hidden blends. Or worse — considering a clinic, a prescription, needles.

Here's the truth:

You don't need a prescription.

You need a daily protocol that supports what your body is quietly losing.

That's what Tenor Daily Drive Essentials was built for.

21 active ingredients. Disclosed doses. Two capsules every morning:

🌿 Tongkat Ali (400mg) — supports drive, stress response, and morning energy
🪨 Maca (250mg) — supports stamina so you don't crash mid-day
🛡️ Zinc (50mg) — supports the pathway behind hormone balance
⚙️ Boron — supports free hormone levels your body can actually use
🌾 L-Arginine (250mg) — supports circulation and physical drive
⚡ Ginseng-Eleutherococcus (125mg) — supports recovery and mental focus
☀️ Botanical matrix (745mg) — nine adaptogens supporting daily vitality

No proprietary blends. No fairy dust. Just disclosed doses your body can feel.

In a survey of 1,203 men using Tenor for 90 days:

✅ 94% reported sustained morning energy
✅ 81% noticed improved endurance
✅ 87% felt more focused and present
✅ 92% said they felt more like themselves

No needles. No stacking. No cycling. Just a daily ritual.

Save 52% on the 90-Day Supply — plus a $62 Welcome Kit (Pill Caddy, Shaker Bottle, Baseball Cap) and free shipping.

810,000+ men have already made this their morning protocol.

If you don't feel steadier, sharper, and more present in 90 days — return even the empty bottles for a full refund. No questions asked.

👉 Support your drive. Naturally. Two capsules every morning.",Get The Protocol,-,You eat clean. You move daily. You're STILL crashing by 3 p.m. and gaining weight. Here's why.,C016,creatives/C016_600c32d629a3_50-off-free-gifts.jpg,C016: 50% Off + Free Gifts 🚀,https://mengotomars.com/pages/quiz-v6,Quiz funnel / quiz-v6,50% Off + Free Gifts 🚀,"You eat clean. You train hard. You’re STILL tired and gaining weight. Here’s why.

If you’re over 35 and constantly tired, dragging through the day, or frustrated in the gym…

It’s not motivation or willpower.

It’s testosterone.

T levels start dropping around age 30. And that slow hormonal drain robs you of energy, drive, strength, confidence, and performance.

One day you wake up and wonder:

“What happened?”

Most guys try to fix it by doubling down on workouts… eating cleaner… drinking more coffee…

And when that doesn’t work?

They end up with a cabinet full of overpriced, under-dosed supplements. Or worse, they consider jumping on TRT.

Here’s the truth:

You don’t need needles, prescriptions, or a dozen bottles.

You need one clinically dosed stack that helps your body produce more testosterone, naturally.

That’s what Mars Men was built for.

It’s an all-in-one daily testosterone support formula with 8 powerhouse ingredients, including:

🌿 Tongkat Ali – Boosts drive, energy, and morning wood
🪨 Shilajit – Fuels stamina so you don’t crash mid-day
🛡️ Zinc – Keeps hormones balanced and focus sharp
⚙️ Boron – Frees up testosterone for more motivation
🌾 Fenugreek – Fires up libido and bedroom confidence
⚡ Taurine – Speeds recovery and sharpens mental focus
☀️💪 Vitamins D, K1 + K2 – Supports bones, mood, and daily energy

No BS. No fairy dust. Just full clinical doses your body can feel.

In a recent survey, men using Mars Men for 90 days reported:

✅ 91% increase in energy
✅ 87% felt stronger and more recovered
✅ 82% noticed improved vitality
✅ +60% testosterone boost (verified by bloodwork)

No needles. No stacking. No cycling. Just results.

Claim your 90-Day Launch Kit now and get 50% off — plus 2 free gifts: a Testosterone Optimization Guide and portable travel tin.

Over 121,000+ men have already transformed their lives with this formula.

If you don’t feel stronger, sharper, and more energized in 90 days — you get every penny back. No questions asked.

👉 Reclaim your masculinity. Naturally. Click the link below.",Shop now,-,6,"94903454, 94284482, 94904005, 94903676, 94903334, 95129874",https://app.gethookd.ai/share/ad/94903454?signature=8dcabbd1db51e32e94385724cfac63680e40bf9accfdfd24135ac6481cd08452 | https://app.gethookd.ai/share/ad/94284482?signature=d0fd227d299593725875054a1f7e0d570a71b10d4757d3d7544ba43643117c25 | https://app.gethookd.ai/share/ad/94904005?signature=23f9d3c3bf330fdd99b2e5f78aa2afebf682821202654ae19064f70153b506a5 | https://app.gethookd.ai/share/ad/94903676?signature=51de51c62bf20bf8a4457d8c9d667882d531b9fe97e50160593a939e7e18c8ab | https://app.gethookd.ai/share/ad/94903334?signature=6e9d4f739acd597521a1ff3dfa756273fab41691b869cc2cbb684cb144309f94 | https://app.gethookd.ai/share/ad/95129874?signature=b82158fcaee4a39844ddea0c1f1395878fd0207e1ef69410b36e2b8f0a9b5bbc,mars-men-static-canonical-recipes-share/index.html#ad-94903454 | mars-men-static-canonical-recipes-share/index.html#ad-94284482 | mars-men-static-canonical-recipes-share/index.html#ad-94904005 | mars-men-static-canonical-recipes-share/index.html#ad-94903676 | mars-men-static-canonical-recipes-share/index.html#ad-94903334 | mars-men-static-canonical-recipes-share/index.html#ad-95129874
Quiz funnel,COPY013,TENOR-COPY013,Save 52% — 90-Day Guarantee,"810,000+ men didn't start Tenor because of a slick ad.

They started because something changed.

One man's wife told him he seemed ""more there"" after three weeks. Another tried a dozen supplements — spent hundreds — before finding the one that actually made his mornings feel different. His words: ""The energy felt clean, not forced.""

Then there's the guy who walked away from the clinic entirely. Or the 52-year-old who says his afternoons don't crash anymore and his workouts feel purposeful again.

These aren't cherry-picked outliers. In a survey of 1,203 customers:

→ 94% reported sustained morning energy

→ 81% noticed improved endurance

→ 87% felt more focused and present

→ 92% said they felt more like themselves

The protocol: 21 active ingredients at disclosed doses supporting your drive from three angles — healthy hormone pathways (Tongkat Ali, Zinc, Boron), circulation and stamina (L-Arginine, Maca), and stress response (Ginseng-Eleutherococcus, adaptogens).

Every batch third-party tested. cGMP certified. Made in the USA.

Save 52% on the 90-day supply. Plus a 90-day empty-bottle guarantee. No risk. Just results or a full refund.",See Details,-,"810,000+ men didn't start Tenor because of a slick ad.",C017,creatives/C017_bd88ee3de1b4_50-off-90-day-guarantee.jpg,C017: 50% Off — 90-Day Guarantee,https://mengotomars.com/pages/quiz-v6,Quiz funnel / quiz-v6,50% Off — 90-Day Guarantee,"429,576+ men didn't switch to Mars Men because of a slick ad.

They switched because their bloodwork changed.

One man's doctor told him nothing natural would work. Sixty days later, that same doctor was staring at lab results he couldn't explain. Another guy tried 10 different supplements — spent hundreds — before finding the one his bloodwork actually responded to. His words: ""The bloodwork doesn't lie.""

Then there's the guy who QUIT TRT for Mars Men and came back with higher numbers than he ever had on testosterone replacement therapy. Or the 52-year-old who lost 30 pounds and says his wife can't keep her hands off him.

These aren't cherry-picked outliers. In a survey of over 1,000 customers:

→ 91% reported higher energy in 90 days

→ 87% reported increased strength

→ 82% reported improved male vitality

The formula: 8 clinically-dosed ingredients targeting testosterone from three angles — make more (Shilajit, Zinc, D3), keep more (Tongkat Ali, Boron, Fenugreek), and protect what you've got (Taurine).

Every batch third-party tested. cGMP certified. Made in the USA.

50% off. Plus a 90-day money-back guarantee. No risk. Just results or a full refund.",See details,-,6,"94284473, 94284416, 94903490, 94284913, 94284899, 94284649",https://app.gethookd.ai/share/ad/94284473?signature=6d2db7bd2927c212c0a119ac7c596dd2facad6780866f039af8348df869f0738 | https://app.gethookd.ai/share/ad/94284416?signature=0c4b8b899052cf3de7ea2490e2c2575d39c15ff1a2f5881a0a6dd114942fac58 | https://app.gethookd.ai/share/ad/94903490?signature=3d0bfe693bc30116fd76a4ac73a11c1c43a7dc442b2dd942278bf3edff81b1bc | https://app.gethookd.ai/share/ad/94284913?signature=892392ae1cbe2d566b82b292a0e338e5668443c6f6b86d89ade933797ddd2744 | https://app.gethookd.ai/share/ad/94284899?signature=aee43b5cd8b507fd9eed0c5268b78f7ad5705ef7ca8de1745dbb4d0bb1143572 | https://app.gethookd.ai/share/ad/94284649?signature=8bec287836ce28ee35cfdc6c03f6c76ed7ede2c8dd2adf2254c823d5b3e1d21e,mars-men-static-canonical-recipes-share/index.html#ad-94284473 | mars-men-static-canonical-recipes-share/index.html#ad-94284416 | mars-men-static-canonical-recipes-share/index.html#ad-94903490 | mars-men-static-canonical-recipes-share/index.html#ad-94284913 | mars-men-static-canonical-recipes-share/index.html#ad-94284899 | mars-men-static-canonical-recipes-share/index.html#ad-94284649
Quiz funnel,COPY014,TENOR-COPY014,Save 52% — 90-Day Guarantee,"810,000+ men didn't start Tenor because of a slick ad.

They started because something changed.

One man's wife told him he seemed ""more there"" after three weeks. Another tried a dozen supplements — spent hundreds — before finding the one that actually made his mornings feel different. His words: ""The energy felt clean, not forced.""

Then there's the guy who walked away from the clinic entirely. Or the 52-year-old who says his afternoons don't crash anymore and his workouts feel purposeful again.

These aren't cherry-picked outliers. In a survey of 1,203 customers:

→ 94% reported sustained morning energy

→ 81% noticed improved endurance

→ 87% felt more focused and present

→ 92% said they felt more like themselves

The protocol: 21 active ingredients at disclosed doses supporting your drive from three angles — healthy hormone pathways (Tongkat Ali, Zinc, Boron), circulation and stamina (L-Arginine, Maca), and stress response (Ginseng-Eleutherococcus, adaptogens).

Every batch third-party tested. cGMP certified. Made in the USA.

Save 52% on the 90-day supply. Plus a 90-day empty-bottle guarantee. No risk. Just results or a full refund.",Get The Protocol,-,"810,000+ men didn't start Tenor because of a slick ad.",C018,creatives/C018_4904e53d1981_50-off-90-day-guarantee.jpg,C018: 50% Off — 90-Day Guarantee,https://mengotomars.com/pages/quiz-v6,Quiz funnel / quiz-v6,50% Off — 90-Day Guarantee,"429,576+ men didn't switch to Mars Men because of a slick ad.

They switched because their bloodwork changed.

One man's doctor told him nothing natural would work. Sixty days later, that same doctor was staring at lab results he couldn't explain. Another guy tried 10 different supplements — spent hundreds — before finding the one his bloodwork actually responded to. His words: ""The bloodwork doesn't lie.""

Then there's the guy who QUIT TRT for Mars Men and came back with higher numbers than he ever had on testosterone replacement therapy. Or the 52-year-old who lost 30 pounds and says his wife can't keep her hands off him.

These aren't cherry-picked outliers. In a survey of over 1,000 customers:

→ 91% reported higher energy in 90 days

→ 87% reported increased strength

→ 82% reported improved male vitality

The formula: 8 clinically-dosed ingredients targeting testosterone from three angles — make more (Shilajit, Zinc, D3), keep more (Tongkat Ali, Boron, Fenugreek), and protect what you've got (Taurine).

Every batch third-party tested. cGMP certified. Made in the USA.

50% off. Plus a 90-day money-back guarantee. No risk. Just results or a full refund.",Shop now,-,4,"94903516, 94284425, 94903408, 96362519",https://app.gethookd.ai/share/ad/94903516?signature=e073428c9ba772d8f5c96aafc82d2145a1185d160e33e172b919276fa43b716a | https://app.gethookd.ai/share/ad/94284425?signature=3087e1ea06a208a778e6667fde7e383f9947252386dfa5e6e9e4296e4b57d249 | https://app.gethookd.ai/share/ad/94903408?signature=55e53a60caaffcd708497ff3df48e1f9c5a491f9abef05148f071022a6d992be | https://app.gethookd.ai/share/ad/96362519?signature=bdf59c59a78b1f2f0c09547b6a475536281868bb66a5dfdd763525655cf8db38,mars-men-static-canonical-recipes-share/index.html#ad-94903516 | mars-men-static-canonical-recipes-share/index.html#ad-94284425 | mars-men-static-canonical-recipes-share/index.html#ad-94903408 | mars-men-static-canonical-recipes-share/index.html#ad-96362519
Quiz funnel,COPY015,TENOR-COPY015,90-Day Guarantee. Because It Works.,"Your dad wasn't crashing at 3 p.m. every afternoon.

You are. At 47.

He didn't have:

❌ Screens. Deadlines. A phone in his hand from 6 a.m. to midnight.
Stress that never stops — quietly draining the signal behind your drive.

❌ Seed oils. Plastics. Tap water.
A food system working against your hormonal balance at every meal.

❌ Sitting. Commuting. Sleeping five hours.
A lifestyle that chokes circulation and recovery before your body even has a chance.

You're not broken.

You're unsupported.

Quietly. Steadily. For years.

Tenor Daily Drive Essentials was built to plug the leaks:

💪 Tongkat Ali (400mg) — supports the pathway your body forgot how to use

💪 Zinc (50mg) — feeds the system behind healthy hormone metabolism

💪 21 active ingredients — supporting drive, stamina, and recovery from every angle

No proprietary blends.
No hidden doses.
No guessing.

Just disclosed doses.
Two capsules.
Every morning.

Save 52% on your first 90-day supply. 90-day empty-bottle guarantee.

Stop waiting for it to fix itself.

Start supporting what's been declining.",Get The Protocol,✅ 90-Day Empty-Bottle Guarantee,Your dad wasn't crashing at 3 p.m. every afternoon. You are. At 47.,C021,creatives/C021_4f989b90bfd4_90-day-guarantee-because-we-know-it-works.jpg,C021: 90-Day Guarantee Because We Know It Works.,https://mengotomars.com/pages/quiz-v6,Quiz funnel / quiz-v6,90-Day Guarantee Because We Know It Works.,"Your grandfather had more testosterone at 60 than you do at 35.

He didn't have:
❌ Plastics leaching estrogen into his water
❌ Seed oils in everything he ate
❌ Blue light frying his hormones at 11pm

You're not weak. You're poisoned.

Mars Men was built to fight back.
💪 Tongkat Ali blocks the enzyme stealing your T
💪 Boron frees up testosterone that's locked away
💪 Shilajit grows more T-producing cells in your balls

No dirt powders. No cheap fillers. No fairy dust.

Just the 8 ingredients designed to support your T production from every angle.

50% off your first month. 90-day guarantee.

Stop blaming yourself. Start fighting back.",Shop now,✅ 100% Satisfaction Guaranteed,3,"94903773, 94903614, 94903320",https://app.gethookd.ai/share/ad/94903773?signature=be943bbc1970763083e4b3b893879da0b8751a75e96999e64441f23e63cda721 | https://app.gethookd.ai/share/ad/94903614?signature=390ab2ab51334d817a51643a45efb1596448cfdf70470ff5ed8d85322912768f | https://app.gethookd.ai/share/ad/94903320?signature=6a1000c80f782174978cb22c7d989edbc258ff2f6fd7bbf6582eadbb3f05a38d,mars-men-static-canonical-recipes-share/index.html#ad-94903773 | mars-men-static-canonical-recipes-share/index.html#ad-94903614 | mars-men-static-canonical-recipes-share/index.html#ad-94903320
Quiz funnel,COPY016,TENOR-COPY016,Save 52% + Free $62 Welcome Kit 🚀,"SAVE 52% + FREE $62 WELCOME KIT 🔥

21 active ingredients. Disclosed doses. Third-party tested.

See how Tenor Daily Drive Essentials is helping men support steady energy, drive, and presence — naturally.

Two capsules every morning. No prescription. No clinic. No needles.

Get The Protocol — save 52% + free Welcome Kit + free shipping.",Get The Protocol,✅ 90-Day Empty-Bottle Guarantee,SAVE 52% + FREE $62 WELCOME KIT 🔥,C023,creatives/C023_41f6bdf8f198_50-off-free-gifts.jpg,C023: 50% off + Free Gifts 🚀,https://mengotomars.com/pages/quiz-v6,Quiz funnel / quiz-v6,50% off + Free Gifts 🚀,"LIMITED TIME - 50% OFF + FREE GIFTS 🔥

Scientifically formulated. Naturally sourced. Discover how Mars Men is helping men support healthy T-levels and reclaim their edge…

Shop now and get 50% OFF + FREE gifts for a limited time only!",Shop now,✅ 100% Satisfaction Guaranteed,2,"94903605, 94903499",https://app.gethookd.ai/share/ad/94903605?signature=62bfc5358a16919f26c7c22088cf80d87aaf2e69830adbc6b3c4807be76a1b90 | https://app.gethookd.ai/share/ad/94903499?signature=9d09bd680616467992bc0335799b7969df337ae303d50a09ffcb7613da52e8ce,mars-men-static-canonical-recipes-share/index.html#ad-94903605 | mars-men-static-canonical-recipes-share/index.html#ad-94903499
Quiz funnel,COPY017,TENOR-COPY017,90-Day Guarantee. Because It Works.,"Your dad wasn't dragging through every afternoon at 55.

You are. At 47.

He didn't have:

❌ Screens. Notifications. Blue light at 11 p.m.
A nervous system that never gets to rest.

❌ Seed oils. Plastics. Processed everything.
A food system turning your body against itself — one meal at a time.

❌ Deadlines. Commutes. Kids. Bills.
Stress that chokes the signal behind your drive. Slowly. For years.

You're not failing.

You're unsupported.

Tenor Daily Drive Essentials was built to support what's been quietly declining:

💪 Tongkat Ali (400mg) — supports the stress response and healthy hormone pathways

💪 Zinc (50mg) — feeds the system behind daily drive and focus

💪 21 active ingredients at disclosed doses — no proprietary blends, no hidden formulas

No guessing.
No fairy dust.
No tricks.

Just two capsules.
Every morning.
Disclosed doses your body can feel.

Save 52% on your 90-day supply. 90-day empty-bottle guarantee.

Stop waiting.

Start supporting.",Get The Protocol,-,Your dad wasn't dragging through every afternoon at 55. You are. At 47.,C024,creatives/C024_0db88035984e_90-day-guarantee-because-we-know-it-works.jpg,C024: 90-Day Guarantee Because We Know It Works.,https://mengotomars.com/pages/quiz-v6,Quiz funnel / quiz-v6,90-Day Guarantee Because We Know It Works.,"Your grandfather had more testosterone at 60 than you do at 35.

He didn't have:
❌ Plastics leaching estrogen into his water
❌ Seed oils in everything he ate
❌ Blue light frying his hormones at 11pm

You're not weak. You're poisoned.

Mars Men was built to fight back.
💪 Tongkat Ali blocks the enzyme stealing your T
💪 Boron frees up testosterone that's locked away
💪 Shilajit grows more T-producing cells in your balls

No dirt powders. No cheap fillers. No fairy dust.

Just the 8 ingredients designed to support your T production from every angle.

50% off your first month. 90-day guarantee.

Stop blaming yourself. Start fighting back.",Shop now,-,1,94903387,https://app.gethookd.ai/share/ad/94903387?signature=826145dd83741b3ffd122f080ca98b5638f63f24ec5099f33472ce7e4598de3c,mars-men-static-canonical-recipes-share/index.html#ad-94903387
Quiz funnel,COPY018,TENOR-COPY018,Save 52% + Free $62 Welcome Kit 🚀,"Noticed your midsection holding on — no matter what you do?

That's not just extra calories. It's a visible sign of what's shifting inside.

Let's talk about something most men quietly notice but never say out loud…

The soft tissue where definition used to be.

Here's the truth: it's not about skipping workouts or eating too much.

It's what happens when the systems behind your drive start declining.

When those pathways slow — which research shows starts around 30 — your body's balance shifts. The result? Stored fat where lean tissue should be.

And that same shift is why you feel drained by 3 p.m. Why workouts feel flat. Why your drive isn't what it used to be.

You can try everything…

More reps. Cutting carbs. Fat burners. Another supplement with a hidden formula.

But if you don't support the underlying systems, you're wasting time and money.

That's why Dr. Adam Reese built Tenor Daily Drive Essentials.

21 active ingredients. Disclosed doses. Two capsules every morning:

🌿 Tongkat Ali (400mg) — supports healthy hormone pathways and stress response
🪨 Maca (250mg) — supports stamina and endocrine balance
🛡️ Zinc (50mg) — supports the pathway behind hormone production
⚙️ Boron — supports free hormone levels your body can use
🌾 L-Arginine (250mg) — supports circulation and physical drive
⚡ Ginseng-Eleutherococcus (125mg) — supports recovery and daily focus
☀️ Botanical Matrix (745mg) — nine adaptogens for energy, mood, and balance

In a survey of 1,203 Tenor customers:
✅ 94% reported sustained morning energy
✅ 81% noticed improved endurance
✅ 87% felt more focused and present
✅ 92% said they felt more like themselves

Two capsules every morning. That's it.

No needles. No prescription. No clinic. Just a simple daily protocol that supports your body's systems.

Save 52% on the 90-Day Supply — plus a $62 Welcome Kit and free shipping.

If it doesn't work for you? Return even the empty bottles. Full refund.

Support your drive. Naturally.",Get The Protocol,-,Noticed your midsection holding on — no matter what you do? That's not just extra calories. It's a visible sign of what's shifting inside.,C025,creatives/C025_86d6b35dc719_50-off-free-gifts.jpg,C025: 50% Off + Free Gifts 🚀,https://mengotomars.com/pages/quiz-v6,Quiz funnel / quiz-v6,50% Off + Free Gifts 🚀,"Embarrassed by ""moobs""? Those aren't just from extra calories. They're a visible sign of the hormone imbalance affecting millions of men.

Let's talk about something most men never mention...

Those embarrassing ""moobs"" that make them keep their shirt on at the beach.

Here's the truth: they're not just about extra pizza or skipping chest day.

They're a visible symptom of the hormone imbalance affecting millions of men.

See, when our hormone levels drop (which research shows starts happening around 30), our body's balance shifts. The result? Soft tissue where pecs should be.

And that same imbalance is why men feel drained by 3PM... why workouts feel flat... why their drive isn't what it used to be.

The Massachusetts Male Aging Study confirmed what many men feel… Hormone levels are declining faster than ever before, regardless of age.

You can try everything...

More bench presses. Cutting carbs. Fat burners. Even considering surgery.

But if you don't address the underlying hormone balance, you're just wasting time and money.

That's why we created Mars Men.

It's an all-in-one natural formula with 8 powerful ingredients designed to support your body's natural balance:

🌿 Tongkat Ali:  Helps regulate cortisol while supporting natural hormones
🪨 Shilajit:  Improves stamina and helps your body feel younger
🛡 Zinc:  Essential mineral for hormone production
⚙️ Boron:  Helps optimize free hormone levels
🌾 Fenugreek:  Supports healthy male vitality
⚡ Taurine:  Improves circulation and recovery
☀️ Vitamins D, K1 + K2:  Support mood and hormone balance

In a recent survey of Mars Men customers:
✅ 91% reported higher energy levels
✅ 87% noticed increased strength
✅ 82% experienced improved vitality

5 capsules per day. That's it.

No needles or prescriptions. Just a simple daily habit that helps support your body's natural hormone balance.

Try the 90-Day Kit today  |  50% OFF + 2 free gifts.

If it doesn't work for you? You don't pay. Period.

Reclaim your masculine physique. Naturally.",Shop now,-,1,94903752,https://app.gethookd.ai/share/ad/94903752?signature=c72f69a7b23ac1b0730f1a71c7c9d4420d9ee165f67a3418151d53a9bb5e21e0,mars-men-static-canonical-recipes-share/index.html#ad-94903752
