apply_update,new_primary_text,new_headline,new_description,notes,campaign_id,campaign_name,campaign_status,campaign_effective_status,adset_id,adset_name,adset_status,adset_effective_status,adset_configured_status,ad_id,ad_name,ad_status,ad_effective_status,ad_configured_status,creative_id,creative_name,destination_url,destination_path,primary_text,headline,description,cta,thumbnail_url,image_hashes,image_labels,issues_info_json,ad_review_feedback_json,created_time,updated_time
,,,,,120245876913440293,Tenor - GLP + Quiz - Problem-Aware Swipe Expansion - 2026-05-08 - Clean Review - Copy 2,ACTIVE,ACTIVE,120245876913720293,Concept 1 - GLP Hidden Drive Drain,ACTIVE,ACTIVE,ACTIVE,120245876913860293,ProblemAware GLP curated-19-glp - What GLP-1 Does to Your Drive,ACTIVE,ACTIVE,ACTIVE,1596784384718316,ProblemAware GLP curated-19-glp - What GLP-1 Does to Your Drive 2026-05-08-ce3058996ef2914e889e19f4aae1217e,https://shoptenorco.com/8b89a76d/daily-drive-essentials/10-reasons-glp/?utm_source=meta&utm_medium=paid,/8b89a76d/daily-drive-essentials/10-reasons-glp/,"The weight's coming off.

But something else is going with it.

GLP-1 meds work. Nobody's arguing that.

But here's what your prescribing doctor didn't mention:

Rapid weight loss floods your system with cortisol.

Cortisol chokes the signal that keeps your energy steady. Your body burns lean tissue for fuel — instead of protecting it.

Your mornings get heavier.
Your afternoons disappear.
Your presence fades.

You're lighter on the scale — but foggier, flatter, and running on fumes.

That's not progress. That's a trade you didn't agree to.

Tenor Daily Drive Essentials was built to support what GLP-1s quietly drain:

💪 Tongkat Ali (400mg) — supports the stress response that rapid weight loss disrupts

💪 Zinc (50mg) — feeds the pathway your body needs to maintain healthy hormone levels

💪 21 active ingredients at disclosed doses — supporting drive, stamina, and recovery from every angle

No proprietary blends.
No hidden doses.
No guessing.

In a survey of 1,203 men, 94% reported sustained morning energy. 87% felt more focused and present. Results you can feel — backed by transparent dosing, not promises.

Get your 30-day supply for $44 at 52% off. 90-day guarantee.

See why men on GLP-1s are adding this two-capsule morning protocol to their daily routine.",What GLP-1 Does to Your Drive,"Tenor's 21 active ingredients at disclosed doses support the systems GLP-1s quietly drain — energy, drive, stamina, and recovery. Two capsules every morning. No prescription. No needles.",LEARN_MORE,https://scontent-xxc1-1.xx.fbcdn.net/v/t45.1600-4/687690280_122114391237250768_8499653528381491287_n.png?_nc_cat=100&ccb=1-7&_nc_ohc=X-De-ZIBvggQ7kNvwHqVijI&_nc_oc=Adqn7Yhu33ravMdF03eX69MckA0YuEr1AGTARPxHSmpj1iDe2e0Ml46qr6RFjKUv-WUXIm6eyHPXo8MMB_naYsKE&_nc_zt=1&_nc_ht=scontent-xxc1-1.xx&edm=ANIILHsEAAAA&_nc_gid=_vvtvGUp9AUJTNETyb4NeQ&_nc_tpa=Q5bMBQEpSyTD4YUWk0hcCMmQufOSZZIexjf9YSCGMlSMb5mEmGSniJO4upF0CgPqmVRtxvZG5kZOMcNX6Q&stp=c0.5000x0.5000f_dst-emg0_p64x64_q75_tt6&ur=52f3c4&_nc_sid=58080a&oh=00_Af77m_rRAF0laoJsbcRdDo7dt_NCrTcZxLl8hct6VTmBjQ&oe=6A083DB6,0712e4d1018195b3ef0b816a42fffb0b | d786df98ab806f4ff9fa0a12c6e0fa0e | 25ccd20b43b3d27554bc9a6b5d833aa7,ASSET_7E24D222_0686_4B69_827D_49B3B1C9014C_4X5 | ASSET_7E24D222_0686_4B69_827D_49B3B1C9014C_1X1 | ASSET_7E24D222_0686_4B69_827D_49B3B1C9014C_9X16,{},{},2026-05-11T15:03:10-0700,2026-05-11T15:05:55-0700
,,,,,120245876913440293,Tenor - GLP + Quiz - Problem-Aware Swipe Expansion - 2026-05-08 - Clean Review - Copy 2,ACTIVE,ACTIVE,120245876913720293,Concept 1 - GLP Hidden Drive Drain,ACTIVE,ACTIVE,ACTIVE,120245876914010293,ProblemAware GLP curated-22-glp - What GLP-1 Does to Your Drive,ACTIVE,ACTIVE,ACTIVE,3638520679623576,ProblemAware GLP curated-22-glp - What GLP-1 Does to Your Drive 2026-05-08-be0641e74336dba8451714c1b98c82f9,https://shoptenorco.com/8b89a76d/daily-drive-essentials/10-reasons-glp/?utm_source=meta&utm_medium=paid,/8b89a76d/daily-drive-essentials/10-reasons-glp/,"The weight's coming off.

But something else is going with it.

GLP-1 meds work. Nobody's arguing that.

But here's what your prescribing doctor didn't mention:

Rapid weight loss floods your system with cortisol.

Cortisol chokes the signal that keeps your energy steady. Your body burns lean tissue for fuel — instead of protecting it.

Your mornings get heavier.
Your afternoons disappear.
Your presence fades.

You're lighter on the scale — but foggier, flatter, and running on fumes.

That's not progress. That's a trade you didn't agree to.

Tenor Daily Drive Essentials was built to support what GLP-1s quietly drain:

💪 Tongkat Ali (400mg) — supports the stress response that rapid weight loss disrupts

💪 Zinc (50mg) — feeds the pathway your body needs to maintain healthy hormone levels

💪 21 active ingredients at disclosed doses — supporting drive, stamina, and recovery from every angle

No proprietary blends.
No hidden doses.
No guessing.

In a survey of 1,203 men, 94% reported sustained morning energy. 87% felt more focused and present. Results you can feel — backed by transparent dosing, not promises.

Get your 30-day supply for $44 at 52% off. 90-day guarantee.

See why men on GLP-1s are adding this two-capsule morning protocol to their daily routine.",What GLP-1 Does to Your Drive,"Tenor's 21 active ingredients at disclosed doses support the systems GLP-1s quietly drain — energy, drive, stamina, and recovery. Two capsules every morning. No prescription. No needles.",LEARN_MORE,https://scontent-xxc1-1.xx.fbcdn.net/v/t45.1600-4/686028475_122114388303250768_1934037194026102758_n.png?_nc_cat=100&ccb=1-7&_nc_ohc=SZNExHyeHlYQ7kNvwE2EWzE&_nc_oc=Adr2-bgw9QUoSDv5L2Uqbo6e5CQ5RBGHrlz9MGBrmGWfpDU-fHTfYeU4qIOyYkBLfo_GrgEOzs9xC_AJpbJta_Wm&_nc_zt=1&_nc_ht=scontent-xxc1-1.xx&edm=ANIILHsEAAAA&_nc_gid=_vvtvGUp9AUJTNETyb4NeQ&_nc_tpa=Q5bMBQEOCBVBNeDiZTh01kYvwnIJDvKsHJpRk04QNuBOZGzSOlhNzIhzT1e_FRb8xe6pemsln8vslrc4RQ&stp=c0.5000x0.5000f_dst-emg0_p64x64_q75_tt6&ur=52f3c4&_nc_sid=58080a&oh=00_Af6zVF9Ij2y76EfKiK1bPbUB4mVRPhdiaEJaY8tsnjogbQ&oe=6A083D62,3fdeaa8dfdd2d455e87b394a524dfd70 | 3a86cb2dc2c388d6ea016c0d5fc7d9b2 | 6585a1e86bac5b4f98a8d6d6558e4c14,ASSET_450DAA57_9DBA_4F3C_A8F8_27A860E39A32_1X1 | ASSET_450DAA57_9DBA_4F3C_A8F8_27A860E39A32_9X16 | ASSET_450DAA57_9DBA_4F3C_A8F8_27A860E39A32_4X5,{},{},2026-05-11T15:03:10-0700,2026-05-11T15:05:17-0700
,,,,,120245876913440293,Tenor - GLP + Quiz - Problem-Aware Swipe Expansion - 2026-05-08 - Clean Review - Copy 2,ACTIVE,ACTIVE,120245876913720293,Concept 1 - GLP Hidden Drive Drain,ACTIVE,ACTIVE,ACTIVE,120245876914040293,ProblemAware GLP tenor-01-C001-glp - What GLP-1 Does to Your Drive,ACTIVE,ACTIVE,ACTIVE,1353949406783828,{{product.name}} 2026-05-09-168d44269cb5ea6990b5dc10519386ff,https://shoptenorco.com/8b89a76d/daily-drive-essentials/10-reasons-glp/?utm_source=meta&utm_medium=paid,/8b89a76d/daily-drive-essentials/10-reasons-glp/,"The weight's coming off.

But something else is going with it.

GLP-1 meds work. Nobody's arguing that.

But here's what your prescribing doctor didn't mention:

Rapid weight loss floods your system with cortisol.

Cortisol chokes the signal that keeps your energy steady. Your body burns lean tissue for fuel — instead of protecting it.

Your mornings get heavier.
Your afternoons disappear.
Your presence fades.

You're lighter on the scale — but foggier, flatter, and running on fumes.

That's not progress. That's a trade you didn't agree to.

Tenor Daily Drive Essentials was built to support what GLP-1s quietly drain:

💪 Tongkat Ali (400mg) — supports the stress response that rapid weight loss disrupts

💪 Zinc (50mg) — feeds the pathway your body needs to maintain healthy hormone levels

💪 21 active ingredients at disclosed doses — supporting drive, stamina, and recovery from every angle

No proprietary blends.
No hidden doses.
No guessing.

In a survey of 1,203 men, 94% reported sustained morning energy. 87% felt more focused and present. Results you can feel — backed by transparent dosing, not promises.

Get your 30-day supply for $44 at 52% off. 90-day guarantee.

See why men on GLP-1s are adding this two-capsule morning protocol to their daily routine.",What GLP-1 Does to Your Drive,"Tenor's 21 active ingredients at disclosed doses support the systems GLP-1s quietly drain — energy, drive, stamina, and recovery. Two capsules every morning. No prescription. No needles.",LEARN_MORE,https://scontent-xxc1-1.xx.fbcdn.net/v/t45.1600-4/683312310_122114393901250768_8354983838743567982_n.png?_nc_cat=110&ccb=1-7&_nc_ohc=DuB478PKeuYQ7kNvwGYw33M&_nc_oc=AdqTT4u2YfJuHRaW3jYuTm_vlVMRWgVoqgoo5ZwClJY6G6t2RRMIAeVVs_Qpx2uTy-0a9HGQRzp9qPm09F8gGa8H&_nc_zt=1&_nc_ht=scontent-xxc1-1.xx&edm=ANIILHsEAAAA&_nc_gid=_vvtvGUp9AUJTNETyb4NeQ&_nc_tpa=Q5bMBQFaa-iP_rjWa5Dh7gFiAuB6HOX98qLqT3BUECxf1QLbz9eftPUKGux7_onUDAUAET82ais6Zj9hWw&stp=c0.5000x0.5000f_dst-emg0_p64x64_q75_tt6&ur=52f3c4&_nc_sid=58080a&oh=00_Af5soxGR3TgzxufpoBqraivNUl6FVSEERWG73VQk6MnDSw&oe=6A082519,116c19a08d32b1d2beeeecfaae27bdcd | 9b9cd803bdde0fb693ee58f0ccacc964 | 15e19a6937f6bbdfd4c9cf9d376e9dec,ASSET_32899EEB_2746_4C00_A55E_31F6B8CA0F08_1X1 | ASSET_32899EEB_2746_4C00_A55E_31F6B8CA0F08_4X5 | ASSET_32899EEB_2746_4C00_A55E_31F6B8CA0F08_9X16,{},{},2026-05-11T15:03:10-0700,2026-05-11T15:05:57-0700
,,,,,120245876913440293,Tenor - GLP + Quiz - Problem-Aware Swipe Expansion - 2026-05-08 - Clean Review - Copy 2,ACTIVE,ACTIVE,120245876913720293,Concept 1 - GLP Hidden Drive Drain,ACTIVE,ACTIVE,ACTIVE,120245876913990293,ProblemAware GLP tenor-02-C002-glp - What GLP-1 Does to Your Drive,ACTIVE,ACTIVE,ACTIVE,957556240213867,{{product.name}} 2026-05-09-1609affd9590c0857e48ba8f49d49950,https://shoptenorco.com/8b89a76d/daily-drive-essentials/10-reasons-glp/?utm_source=meta&utm_medium=paid,/8b89a76d/daily-drive-essentials/10-reasons-glp/,"The weight's coming off.

But something else is going with it.

GLP-1 meds work. Nobody's arguing that.

But here's what your prescribing doctor didn't mention:

Rapid weight loss floods your system with cortisol.

Cortisol chokes the signal that keeps your energy steady. Your body burns lean tissue for fuel — instead of protecting it.

Your mornings get heavier.
Your afternoons disappear.
Your presence fades.

You're lighter on the scale — but foggier, flatter, and running on fumes.

That's not progress. That's a trade you didn't agree to.

Tenor Daily Drive Essentials was built to support what GLP-1s quietly drain:

💪 Tongkat Ali (400mg) — supports the stress response that rapid weight loss disrupts

💪 Zinc (50mg) — feeds the pathway your body needs to maintain healthy hormone levels

💪 21 active ingredients at disclosed doses — supporting drive, stamina, and recovery from every angle

No proprietary blends.
No hidden doses.
No guessing.

In a survey of 1,203 men, 94% reported sustained morning energy. 87% felt more focused and present. Results you can feel — backed by transparent dosing, not promises.

Get your 30-day supply for $44 at 52% off. 90-day guarantee.

See why men on GLP-1s are adding this two-capsule morning protocol to their daily routine.",What GLP-1 Does to Your Drive,"Tenor's 21 active ingredients at disclosed doses support the systems GLP-1s quietly drain — energy, drive, stamina, and recovery. Two capsules every morning. No prescription. No needles.",LEARN_MORE,https://scontent-xxc1-1.xx.fbcdn.net/v/t45.1600-4/685779489_122114393841250768_5155076220152036868_n.png?_nc_cat=103&ccb=1-7&_nc_ohc=xDSOaNtaCT4Q7kNvwGgXU0d&_nc_oc=AdrcVovRIwTF6N1zDCUW173cPl3yYWYbWrVWhKZZHdt_OAtQMCxkZ7tOMR4seyoGm8VVcX-9k9k8XGf_36FW1HYM&_nc_zt=1&_nc_ht=scontent-xxc1-1.xx&edm=ANIILHsEAAAA&_nc_gid=_vvtvGUp9AUJTNETyb4NeQ&_nc_tpa=Q5bMBQHoJtc5L4c7O5PEUio6AT3SgzSL5Sfvx_dH7UYujUUpoLCPb9Qul2D1vCmkispQfl4MJLAutB6VMg&stp=c0.5000x0.5000f_dst-emg0_p64x64_q75_tt6&ur=52f3c4&_nc_sid=58080a&oh=00_Af6DgyZdB7ZYshvdGvocwc5xs07zsYpzNFdVvF4RLyjqsQ&oe=6A08131B,9da150d9a221cfdb9d82b97f0fbd2302 | f8a41969ed189b97483e69010a11adae | e9800fa551b6deebd0165577a2da4e9a,ASSET_04A5AFEA_CC07_41D9_83BD_DA0F2DAB4CC1_1X1 | ASSET_04A5AFEA_CC07_41D9_83BD_DA0F2DAB4CC1_4X5 | ASSET_04A5AFEA_CC07_41D9_83BD_DA0F2DAB4CC1_9X16,{},{},2026-05-11T15:03:10-0700,2026-05-11T15:05:19-0700
,,,,,120245876913440293,Tenor - GLP + Quiz - Problem-Aware Swipe Expansion - 2026-05-08 - Clean Review - Copy 2,ACTIVE,ACTIVE,120245876913720293,Concept 1 - GLP Hidden Drive Drain,ACTIVE,ACTIVE,ACTIVE,120245876914050293,ProblemAware GLP tenor-03-C004-glp - What GLP-1 Does to Your Drive,ACTIVE,ACTIVE,ACTIVE,1296549538599088,{{product.name}} 2026-05-09-aad3638f0779d598baa1a59936938033,https://shoptenorco.com/8b89a76d/daily-drive-essentials/10-reasons-glp/?utm_source=meta&utm_medium=paid,/8b89a76d/daily-drive-essentials/10-reasons-glp/,"The weight's coming off.

But something else is going with it.

GLP-1 meds work. Nobody's arguing that.

But here's what your prescribing doctor didn't mention:

Rapid weight loss floods your system with cortisol.

Cortisol chokes the signal that keeps your energy steady. Your body burns lean tissue for fuel — instead of protecting it.

Your mornings get heavier.
Your afternoons disappear.
Your presence fades.

You're lighter on the scale — but foggier, flatter, and running on fumes.

That's not progress. That's a trade you didn't agree to.

Tenor Daily Drive Essentials was built to support what GLP-1s quietly drain:

💪 Tongkat Ali (400mg) — supports the stress response that rapid weight loss disrupts

💪 Zinc (50mg) — feeds the pathway your body needs to maintain healthy hormone levels

💪 21 active ingredients at disclosed doses — supporting drive, stamina, and recovery from every angle

No proprietary blends.
No hidden doses.
No guessing.

In a survey of 1,203 men, 94% reported sustained morning energy. 87% felt more focused and present. Results you can feel — backed by transparent dosing, not promises.

Get your 30-day supply for $44 at 52% off. 90-day guarantee.

See why men on GLP-1s are adding this two-capsule morning protocol to their daily routine.",What GLP-1 Does to Your Drive,"Tenor's 21 active ingredients at disclosed doses support the systems GLP-1s quietly drain — energy, drive, stamina, and recovery. Two capsules every morning. No prescription. No needles.",LEARN_MORE,https://scontent-xxc1-1.xx.fbcdn.net/v/t45.1600-4/685055863_122114393751250768_7647940199904211748_n.png?_nc_cat=104&ccb=1-7&_nc_ohc=Du96vAPUH_MQ7kNvwHqH3lN&_nc_oc=Adp8abQU9pNv8rOONOHkT77qET7MtuNQFpY20VFwGhJQUz8miOA6i6nzR7KcJiylEM2QY-C4dC9RDVvv0HcMsb-c&_nc_zt=1&_nc_ht=scontent-xxc1-1.xx&edm=ANIILHsEAAAA&_nc_gid=_vvtvGUp9AUJTNETyb4NeQ&_nc_tpa=Q5bMBQHbmOAIcc7adH_Nsl9LggNAPyWBG82SFSLWaSRLi6T-1uroH6BFmPDwvkDQdxqJSvt_c7KOfOHHEA&stp=c0.5000x0.5000f_dst-emg0_p64x64_q75_tt6&ur=52f3c4&_nc_sid=58080a&oh=00_Af6B1FFHN6egWVDmjrB6ufj5DzUOtPiCWjIl6PvxY3aOWQ&oe=6A081898,0fbeb3850e03eb1ed1dd5c6a3dfb9d33 | b2aacdf2ad5f8a843f6b796098e577b0 | 56b958456cc64c462a3628d27ceeb9fa,ASSET_6ACC13A1_9C7C_471A_9FFA_2C755B2A82BD_1X1 | ASSET_6ACC13A1_9C7C_471A_9FFA_2C755B2A82BD_4X5 | ASSET_6ACC13A1_9C7C_471A_9FFA_2C755B2A82BD_9X16,{},{},2026-05-11T15:03:10-0700,2026-05-11T15:05:33-0700
,,,,,120245876913440293,Tenor - GLP + Quiz - Problem-Aware Swipe Expansion - 2026-05-08 - Clean Review - Copy 2,ACTIVE,ACTIVE,120245876913720293,Concept 1 - GLP Hidden Drive Drain,ACTIVE,ACTIVE,ACTIVE,120245876913940293,ProblemAware GLP tenor-05-C011-glp - What GLP-1 Does to Your Drive,ACTIVE,ACTIVE,ACTIVE,951966154423967,{{product.name}} 2026-05-09-58dfb15a43538af80b607732273e13e2,https://shoptenorco.com/8b89a76d/daily-drive-essentials/10-reasons-glp/?utm_source=meta&utm_medium=paid,/8b89a76d/daily-drive-essentials/10-reasons-glp/,"The weight's coming off.

But something else is going with it.

GLP-1 meds work. Nobody's arguing that.

But here's what your prescribing doctor didn't mention:

Rapid weight loss floods your system with cortisol.

Cortisol chokes the signal that keeps your energy steady. Your body burns lean tissue for fuel — instead of protecting it.

Your mornings get heavier.
Your afternoons disappear.
Your presence fades.

You're lighter on the scale — but foggier, flatter, and running on fumes.

That's not progress. That's a trade you didn't agree to.

Tenor Daily Drive Essentials was built to support what GLP-1s quietly drain:

💪 Tongkat Ali (400mg) — supports the stress response that rapid weight loss disrupts

💪 Zinc (50mg) — feeds the pathway your body needs to maintain healthy hormone levels

💪 21 active ingredients at disclosed doses — supporting drive, stamina, and recovery from every angle

No proprietary blends.
No hidden doses.
No guessing.

In a survey of 1,203 men, 94% reported sustained morning energy. 87% felt more focused and present. Results you can feel — backed by transparent dosing, not promises.

Get your 30-day supply for $44 at 52% off. 90-day guarantee.

See why men on GLP-1s are adding this two-capsule morning protocol to their daily routine.",What GLP-1 Does to Your Drive,"Tenor's 21 active ingredients at disclosed doses support the systems GLP-1s quietly drain — energy, drive, stamina, and recovery. Two capsules every morning. No prescription. No needles.",LEARN_MORE,https://scontent-xxc1-1.xx.fbcdn.net/v/t45.1600-4/684867251_122114393601250768_7605518054775833049_n.png?_nc_cat=104&ccb=1-7&_nc_ohc=f9Iey5iYM-kQ7kNvwF6N44W&_nc_oc=AdorKAtB3KzeNIWq-e-5xgPDxyk0R_jsR7Lqae1Pr0kNLwgGqDD7iEwACnQWoETWlZvUCgk_FCcvZIADPqO5SOKq&_nc_zt=1&_nc_ht=scontent-xxc1-1.xx&edm=ANIILHsEAAAA&_nc_gid=_vvtvGUp9AUJTNETyb4NeQ&_nc_tpa=Q5bMBQEhV2D9A3FB-EJgNyo5KRy7nH0BZnEMoXzlbQ8QqtU6rGr4lFSdePZz5AcXazr19XAsT4MJNDGTWg&stp=c0.5000x0.5000f_dst-emg0_p64x64_q75_tt6&ur=52f3c4&_nc_sid=58080a&oh=00_Af7HpqGS_R4jtBTMW7A5WqCkPAOsmCk8Pa2laabvuU1GkQ&oe=6A08353A,db31efdb428d2eabf8fa7056b4f25303 | c66317a61d1014ae5598d55952af4b1b | 23c049e92b32b873bee68882dbbd8c4a,ASSET_204DA383_4758_49FB_8784_A6F3EFE28D3F_1X1 | ASSET_204DA383_4758_49FB_8784_A6F3EFE28D3F_4X5 | ASSET_204DA383_4758_49FB_8784_A6F3EFE28D3F_9X16,{},{},2026-05-11T15:03:10-0700,2026-05-11T15:06:01-0700
,,,,,120245876913440293,Tenor - GLP + Quiz - Problem-Aware Swipe Expansion - 2026-05-08 - Clean Review - Copy 2,ACTIVE,ACTIVE,120245876913700293,Concept 2 - GLP Muscle + Metabolism Protection,ACTIVE,ACTIVE,ACTIVE,120245876913970293,ProblemAware GLP curated-05-glp - Keep Your Drive Steady on GLP-1s,ACTIVE,ACTIVE,ACTIVE,2859837964408360,ProblemAware GLP curated-05-glp - Keep Your Drive Steady on GLP-1s 2026-05-08-90df644eb711cc6237da13ce8d87bbd1,https://shoptenorco.com/8b89a76d/daily-drive-essentials/10-reasons-glp/?utm_source=meta&utm_medium=paid,/8b89a76d/daily-drive-essentials/10-reasons-glp/,"GLP-1s cut appetite so hard your body starts burning muscle for fuel — not fat.

Tenor Daily Drive Essentials supports muscle preservation, steady metabolism, and healthy hormone pathways as the weight drops.

21 active ingredients. Disclosed doses. Third-party tested.

No needles. No prescription. No shutdown.

Two capsules every morning.

Support your drive while the fat comes off.

👉 Get your 30-day supply for $44 at 52% off. 90-day guarantee.",Keep Your Drive Steady on GLP-1s,✅ 90-Day Guarantee,LEARN_MORE,https://scontent-xxc1-1.xx.fbcdn.net/v/t45.1600-4/684698779_122114392137250768_9069760738650312764_n.png?_nc_cat=110&ccb=1-7&_nc_ohc=XEMOxvQiMz4Q7kNvwGc5F7o&_nc_oc=AdoNfEhSdhrQxzeSDtCFFJoZ3cmcAl0kllvgOBUAQbiZGBBzYlKiNbt03-Anq0PC87K_puZieVF1UNRF0uNJlJA2&_nc_zt=1&_nc_ht=scontent-xxc1-1.xx&edm=ANIILHsEAAAA&_nc_gid=_vvtvGUp9AUJTNETyb4NeQ&_nc_tpa=Q5bMBQHtN2hIO-BamwIoq5ZBc9HtHv5-uWu8rY0IFo5IRK8ox4P4DkVUcUuajrQoDWNeP7YI9KNlimiyNQ&stp=c0.5000x0.5000f_dst-emg0_p64x64_q75_tt6&ur=52f3c4&_nc_sid=58080a&oh=00_Af5D0Ow1HfEC4-3SFOcWHaJTf6lV1m8KkcPkHjBR4y5L5Q&oe=6A0837B7,e0e8e74df8f772289ce31692ec05412c | 421fc25a771a5eb7dc72155378b580bd | 7f70ff251367ad64072e1f06a213c877,ASSET_9B07F464_43A6_4ECB_B064_5353C9DFBD36_1X1 | ASSET_9B07F464_43A6_4ECB_B064_5353C9DFBD36_4X5 | ASSET_9B07F464_43A6_4ECB_B064_5353C9DFBD36_9X16,{},{},2026-05-11T15:02:55-0700,2026-05-11T15:05:13-0700
,,,,,120245876913440293,Tenor - GLP + Quiz - Problem-Aware Swipe Expansion - 2026-05-08 - Clean Review - Copy 2,ACTIVE,ACTIVE,120245876913700293,Concept 2 - GLP Muscle + Metabolism Protection,ACTIVE,ACTIVE,ACTIVE,120245876914230293,ProblemAware GLP curated-08-glp - Keep Your Drive Steady on GLP-1s,ACTIVE,ACTIVE,ACTIVE,1379563040608524,ProblemAware GLP curated-08-glp - Keep Your Drive Steady on GLP-1s 2026-05-08-102b40fc17e1a20565edd1d4b0240507,https://shoptenorco.com/8b89a76d/daily-drive-essentials/10-reasons-glp/?utm_source=meta&utm_medium=paid,/8b89a76d/daily-drive-essentials/10-reasons-glp/,"GLP-1s cut appetite so hard your body starts burning muscle for fuel — not fat.

Tenor Daily Drive Essentials supports muscle preservation, steady metabolism, and healthy hormone pathways as the weight drops.

21 active ingredients. Disclosed doses. Third-party tested.

No needles. No prescription. No shutdown.

Two capsules every morning.

Support your drive while the fat comes off.

👉 Get your 30-day supply for $44 at 52% off. 90-day guarantee.",Keep Your Drive Steady on GLP-1s,✅ 90-Day Guarantee,LEARN_MORE,https://scontent-xxc1-1.xx.fbcdn.net/v/t45.1600-4/686505870_122114391891250768_8614358902532562679_n.png?_nc_cat=102&ccb=1-7&_nc_ohc=iZ43eAdErgwQ7kNvwGik7CG&_nc_oc=AdrPIN-P060dA_o9mE1_wWwjHXNKv2vxg9XkqsftOVTUO0Yk9nMXP_iOb1PA0jHOLY-ywg51hr1NrCB-ZP9Y1tmX&_nc_zt=1&_nc_ht=scontent-xxc1-1.xx&edm=ANIILHsEAAAA&_nc_gid=_vvtvGUp9AUJTNETyb4NeQ&_nc_tpa=Q5bMBQHEOGTdI-RkIE_qBQ_4d5Nao8ANHmKSzQrZH4Y2xXDt9lcr8DK2jyqoBU2dSjlXzcmx4SPU19kPVA&stp=c0.5000x0.5000f_dst-emg0_p64x64_q75_tt6&ur=52f3c4&_nc_sid=58080a&oh=00_Af4Sa4_Rnqou65qvmyq50Tky2SxAbnnnHn7qo6aI9UUx2A&oe=6A0817C3,2ef2621e70f59c4dc060b9f488f8ef91 | aca262dc3c4a5672c3f689887ee83fc6 | e5b9593c219e94e9aca53cbd42c2066c,ASSET_B8D9A04A_8EAA_4D46_A14E_EAD0B0C6AA82_1X1 | ASSET_B8D9A04A_8EAA_4D46_A14E_EAD0B0C6AA82_4X5 | ASSET_B8D9A04A_8EAA_4D46_A14E_EAD0B0C6AA82_9X16,{},{},2026-05-11T15:02:55-0700,2026-05-11T15:05:28-0700
,,,,,120245876913440293,Tenor - GLP + Quiz - Problem-Aware Swipe Expansion - 2026-05-08 - Clean Review - Copy 2,ACTIVE,ACTIVE,120245876913700293,Concept 2 - GLP Muscle + Metabolism Protection,ACTIVE,ACTIVE,ACTIVE,120245876913950293,ProblemAware GLP curated-20-glp - Keep Your Drive Steady on GLP-1s,ACTIVE,ACTIVE,ACTIVE,1678192829990142,{{product.name}} 2026-05-11-b5ddfc9fce97c7e49743de0f53296446,https://shoptenorco.com/8b89a76d/daily-drive-essentials/10-reasons-glp/?utm_source=meta&utm_medium=paid,/8b89a76d/daily-drive-essentials/10-reasons-glp/,"GLP-1s cut appetite so hard your body starts burning muscle for fuel — not fat.

Tenor Daily Drive Essentials supports muscle preservation, steady metabolism, and healthy hormone pathways as the weight drops.

21 active ingredients. Disclosed doses. Third-party tested.

No needles. No prescription. No shutdown.

Two capsules every morning.

Support your drive while the fat comes off.

👉 Get your 30-day supply for $44 at 52% off. 90-day guarantee.",Keep Your Drive Steady on GLP-1s,✅ 90-Day Guarantee,LEARN_MORE,https://scontent-xxc1-1.xx.fbcdn.net/v/t45.1600-4/681244673_122114391561250768_6203403068030673224_n.png?_nc_cat=100&ccb=1-7&_nc_ohc=jhPPJybbmQkQ7kNvwGCMOt0&_nc_oc=Adpi1LnyUL_rp_VA7G8M5IH9KAOWcS3PVTgeHtPeY5jwGRlcnMSe7AXC63zIxm2kig8EeTZxTWaJ3-F2I-UbQ73I&_nc_zt=1&_nc_ht=scontent-xxc1-1.xx&edm=ANIILHsEAAAA&_nc_gid=_vvtvGUp9AUJTNETyb4NeQ&_nc_tpa=Q5bMBQHWMgo1ZpZnNwoigQrUQBRz6q8woO69Tb5ljK3rP-YxM5ddQEWvZ49h8Sv9IqJl9OzbPP67n0iQTg&stp=c0.5000x0.5000f_dst-emg0_p64x64_q75_tt6&ur=52f3c4&_nc_sid=58080a&oh=00_Af7LjqbKjow6pYKk_pwxqoC1oTTb1tubV1W7hWZ8jJg9PQ&oe=6A084391,de5c9828e537d3bdc20df1f8cfc9fb4f | 69ea23ed19170a5cd54cacc7803544aa | 4bbc72c2aacd080dbe160d161fafcf25,ASSET_6C6B66EE_3749_47F5_9E80_3E4E75D1D7FB_1X1 | ASSET_6C6B66EE_3749_47F5_9E80_3E4E75D1D7FB_4X5 | ASSET_6C6B66EE_3749_47F5_9E80_3E4E75D1D7FB_9X16,{},{},2026-05-11T15:02:55-0700,2026-05-11T15:05:29-0700
,,,,,120245876913440293,Tenor - GLP + Quiz - Problem-Aware Swipe Expansion - 2026-05-08 - Clean Review - Copy 2,ACTIVE,ACTIVE,120245876913700293,Concept 2 - GLP Muscle + Metabolism Protection,ACTIVE,ACTIVE,ACTIVE,120245876914180293,ProblemAware GLP curated-26-glp - Keep Your Drive Steady on GLP-1s,ACTIVE,ACTIVE,ACTIVE,2393948887757151,ProblemAware GLP curated-26-glp - Keep Your Drive Steady on GLP-1s 2026-05-08-5dd26e99f13db29ddd2b0a5a3227a350,https://shoptenorco.com/8b89a76d/daily-drive-essentials/10-reasons-glp/?utm_source=meta&utm_medium=paid,/8b89a76d/daily-drive-essentials/10-reasons-glp/,"GLP-1s cut appetite so hard your body starts burning muscle for fuel — not fat.

Tenor Daily Drive Essentials supports muscle preservation, steady metabolism, and healthy hormone pathways as the weight drops.

21 active ingredients. Disclosed doses. Third-party tested.

No needles. No prescription. No shutdown.

Two capsules every morning.

Support your drive while the fat comes off.

👉 Get your 30-day supply for $44 at 52% off. 90-day guarantee.",Keep Your Drive Steady on GLP-1s,✅ 90-Day Guarantee,LEARN_MORE,https://scontent-xxc1-1.xx.fbcdn.net/v/t45.1600-4/684760355_122114390961250768_1691614200261482262_n.png?_nc_cat=105&ccb=1-7&_nc_ohc=RCgYYxjfg04Q7kNvwGblUo7&_nc_oc=AdoGakbeKNmmUxioZr--E31sQxJ28vETGy1oC9WSEgGL-df_7KW9rl22sek4wgsAerzeHRbAuftl4ZqZWLtzNvIq&_nc_zt=1&_nc_ht=scontent-xxc1-1.xx&edm=ANIILHsEAAAA&_nc_gid=_vvtvGUp9AUJTNETyb4NeQ&_nc_tpa=Q5bMBQHcCZwCAgL-M8AQY_GNTuxNHpPX7lv2mEvu26R5cSI-wWjIDq9gkDO03R_uw-8bvSWVEYw6Vj54-Q&stp=c0.5000x0.5000f_dst-emg0_p64x64_q75_tt6&ur=52f3c4&_nc_sid=58080a&oh=00_Af6F_CleOTB-qBo4yYm4F7AnSsYx0e-buhqeVBiN-vzZ_Q&oe=6A08160A,e8fe676e3f75d15c5bea44ca10370f8c | be27192b05b1634f7d02dfe8384ca161 | ed8f2155dee0c8e998f6bbe316b38668,ASSET_53864C86_5A28_4CF9_81B2_20C099CD5A3F_1X1 | ASSET_53864C86_5A28_4CF9_81B2_20C099CD5A3F_4X5 | ASSET_53864C86_5A28_4CF9_81B2_20C099CD5A3F_9X16,{},{},2026-05-11T15:02:55-0700,2026-05-11T15:05:08-0700
,,,,,120245876913440293,Tenor - GLP + Quiz - Problem-Aware Swipe Expansion - 2026-05-08 - Clean Review - Copy 2,ACTIVE,ACTIVE,120245876913700293,Concept 2 - GLP Muscle + Metabolism Protection,ACTIVE,ACTIVE,ACTIVE,120245876914260293,ProblemAware GLP tenor-06-C008-glp - Keep Your Drive Steady on GLP-1s,ACTIVE,ACTIVE,ACTIVE,4289834191346316,{{product.name}} 2026-05-09-f9c189ba6a0899f02b641cfc4d253505,https://shoptenorco.com/8b89a76d/daily-drive-essentials/10-reasons-glp/?utm_source=meta&utm_medium=paid,/8b89a76d/daily-drive-essentials/10-reasons-glp/,"GLP-1s cut appetite so hard your body starts burning muscle for fuel — not fat.

Tenor Daily Drive Essentials supports muscle preservation, steady metabolism, and healthy hormone pathways as the weight drops.

21 active ingredients. Disclosed doses. Third-party tested.

No needles. No prescription. No shutdown.

Two capsules every morning.

Support your drive while the fat comes off.

👉 Get your 30-day supply for $44 at 52% off. 90-day guarantee.",Keep Your Drive Steady on GLP-1s,✅ 90-Day Guarantee,LEARN_MORE,https://scontent-xxc1-1.xx.fbcdn.net/v/t45.1600-4/694847225_122114393499250768_7944051071408756078_n.png?_nc_cat=109&ccb=1-7&_nc_ohc=0iW1903E2QAQ7kNvwEwCiMK&_nc_oc=Adqg0O2Atg4QRVVzzs76Wm-s7An58RnW2GlhGZddgAgA40zQvIwq6GFDpv44IOAKRePYHW0nYCu-kXRjdpZr8M8t&_nc_zt=1&_nc_ht=scontent-xxc1-1.xx&edm=ANIILHsEAAAA&_nc_gid=_vvtvGUp9AUJTNETyb4NeQ&_nc_tpa=Q5bMBQENxSj_LnXO9hX5osx5Q1sALXBf9cMk21Xgvv2O7DknLTAAk03uIGYtmz8jolI74hCBvnvArYh-Iw&stp=c0.5000x0.5000f_dst-emg0_p64x64_q75_tt6&ur=52f3c4&_nc_sid=58080a&oh=00_Af5fU2uutyFvqXIKUblOeEd0JW8Kfm3yiNNFxoTVGn4LJA&oe=6A082B30,8d38e68ae14e8ecd962b53ad5845c50b | 7b42156cffd7648200fa9e0431465b5a | eaf6e1557408a3c9c4b5c2fb7b3c0d99,ASSET_6B1383B5_16D5_4DD6_B3C2_CF0169710695_1X1 | ASSET_6B1383B5_16D5_4DD6_B3C2_CF0169710695_4X5 | ASSET_6B1383B5_16D5_4DD6_B3C2_CF0169710695_9X16,{},{},2026-05-11T15:02:55-0700,2026-05-11T15:05:48-0700
,,,,,120245876913440293,Tenor - GLP + Quiz - Problem-Aware Swipe Expansion - 2026-05-08 - Clean Review - Copy 2,ACTIVE,ACTIVE,120245876913700293,Concept 2 - GLP Muscle + Metabolism Protection,ACTIVE,ACTIVE,ACTIVE,120245876913880293,ProblemAware GLP tenor-07-C003-glp - Keep Your Drive Steady on GLP-1s,ACTIVE,ACTIVE,ACTIVE,1665471041162926,{{product.name}} 2026-05-09-12edbce3f99a45b9eb0dce746c9d1896,https://shoptenorco.com/8b89a76d/daily-drive-essentials/10-reasons-glp/?utm_source=meta&utm_medium=paid,/8b89a76d/daily-drive-essentials/10-reasons-glp/,"GLP-1s cut appetite so hard your body starts burning muscle for fuel — not fat.

Tenor Daily Drive Essentials supports muscle preservation, steady metabolism, and healthy hormone pathways as the weight drops.

21 active ingredients. Disclosed doses. Third-party tested.

No needles. No prescription. No shutdown.

Two capsules every morning.

Support your drive while the fat comes off.

👉 Get your 30-day supply for $44 at 52% off. 90-day guarantee.",Keep Your Drive Steady on GLP-1s,✅ 90-Day Guarantee,LEARN_MORE,https://scontent-xxc1-1.xx.fbcdn.net/v/t45.1600-4/687590088_122114393445250768_7990992300770000860_n.png?_nc_cat=103&ccb=1-7&_nc_ohc=GnK8fg9Tk2UQ7kNvwE_09Is&_nc_oc=Adr26p-e3N49LkhP8knEnl6dR-hgDh_BcvrCmoEHslZODK-6cKST78DALeZAiT1BcL4BIosjrZNe-offMW2_m-zV&_nc_zt=1&_nc_ht=scontent-xxc1-1.xx&edm=ANIILHsEAAAA&_nc_gid=_vvtvGUp9AUJTNETyb4NeQ&_nc_tpa=Q5bMBQHliX1sv8KqiaMkeTmBbxU0iUUI6WOcczH3UrARvtfMXYXjGhkOXMUwbb2tz76pvsaQuq3vhhHo9A&stp=c0.5000x0.5000f_dst-emg0_p64x64_q75_tt6&ur=52f3c4&_nc_sid=58080a&oh=00_Af7peppTNHf9E-6MU3fra_comAfJL60DkeVMRe-z6KYiTA&oe=6A082621,465a34dd77c74527eded0a33bd0b7f5f | 94a21fe8a94fcbc3987ce8d405f4d0fc | 95ded33f872464afdc97ea2dc5c9ab26,ASSET_74485777_8A08_4B47_B984_79CAD2D81BDB_1X1 | ASSET_74485777_8A08_4B47_B984_79CAD2D81BDB_4X5 | ASSET_74485777_8A08_4B47_B984_79CAD2D81BDB_9X16,{},{},2026-05-11T15:02:55-0700,2026-05-11T15:05:31-0700
,,,,,120245876913440293,Tenor - GLP + Quiz - Problem-Aware Swipe Expansion - 2026-05-08 - Clean Review - Copy 2,ACTIVE,ACTIVE,120245876913700293,Concept 2 - GLP Muscle + Metabolism Protection,ACTIVE,ACTIVE,ACTIVE,120245876913870293,ProblemAware GLP tenor-08-C009-glp - Keep Your Drive Steady on GLP-1s,ACTIVE,ACTIVE,ACTIVE,978712084571654,{{product.name}} 2026-05-09-1a9a684c155d60f055f843926d820d36,https://shoptenorco.com/8b89a76d/daily-drive-essentials/10-reasons-glp/?utm_source=meta&utm_medium=paid,/8b89a76d/daily-drive-essentials/10-reasons-glp/,"GLP-1s cut appetite so hard your body starts burning muscle for fuel — not fat.

Tenor Daily Drive Essentials supports muscle preservation, steady metabolism, and healthy hormone pathways as the weight drops.

21 active ingredients. Disclosed doses. Third-party tested.

No needles. No prescription. No shutdown.

Two capsules every morning.

Support your drive while the fat comes off.

👉 Get your 30-day supply for $44 at 52% off. 90-day guarantee.",Keep Your Drive Steady on GLP-1s,✅ 90-Day Guarantee,LEARN_MORE,https://scontent-xxc1-1.xx.fbcdn.net/v/t45.1600-4/687541696_122114393403250768_55426930034336265_n.png?_nc_cat=111&ccb=1-7&_nc_ohc=VCAH1sEmbZwQ7kNvwHYCSIa&_nc_oc=AdrcEMO9bC_rw3qdVW_oGyRgJb7R76EQVx_RTATQs1OVV-rYfGcvMKMt_GbjC5qz9kLLHeqlCU35jsPDT97UpN01&_nc_zt=1&_nc_ht=scontent-xxc1-1.xx&edm=ANIILHsEAAAA&_nc_gid=_vvtvGUp9AUJTNETyb4NeQ&_nc_tpa=Q5bMBQGJhEoX7h8rCDwqG6hbxkazTy9yX_pnvRzf5wxLNlm8y8KCKS3k0M4_CZyimytGaJri94JarDszxQ&stp=c0.5000x0.5000f_dst-emg0_p64x64_q75_tt6&ur=52f3c4&_nc_sid=58080a&oh=00_Af6mWi-0q8Fcby28qs0o44uSmF0cDtq_b9FOCNLBm1sxag&oe=6A0826B3,3be9a0b577e3d22fb73824356767c632 | a7609ac19c4f6f8968fee9696878428b | b5d66a02116477cd68a37d09367220ed,ASSET_487781BF_F0D8_4D53_A92A_312F4243B9F2_4X5 | ASSET_487781BF_F0D8_4D53_A92A_312F4243B9F2_9X16 | ASSET_487781BF_F0D8_4D53_A92A_312F4243B9F2_1X1,{},{},2026-05-11T15:02:55-0700,2026-05-11T15:05:37-0700
,,,,,120245876913440293,Tenor - GLP + Quiz - Problem-Aware Swipe Expansion - 2026-05-08 - Clean Review - Copy 2,ACTIVE,ACTIVE,120245876913700293,Concept 2 - GLP Muscle + Metabolism Protection,ACTIVE,ACTIVE,ACTIVE,120245876914070293,ProblemAware GLP tenor-09-C007-glp - Keep Your Drive Steady on GLP-1s,ACTIVE,ACTIVE,ACTIVE,3914339922196254,{{product.name}} 2026-05-09-f057810b8f9599c35b3501949cb70775,https://shoptenorco.com/8b89a76d/daily-drive-essentials/10-reasons-glp/?utm_source=meta&utm_medium=paid,/8b89a76d/daily-drive-essentials/10-reasons-glp/,"GLP-1s cut appetite so hard your body starts burning muscle for fuel — not fat.

Tenor Daily Drive Essentials supports muscle preservation, steady metabolism, and healthy hormone pathways as the weight drops.

21 active ingredients. Disclosed doses. Third-party tested.

No needles. No prescription. No shutdown.

Two capsules every morning.

Support your drive while the fat comes off.

👉 Get your 30-day supply for $44 at 52% off. 90-day guarantee.",Keep Your Drive Steady on GLP-1s,✅ 90-Day Guarantee,LEARN_MORE,https://scontent-xxc1-1.xx.fbcdn.net/v/t45.1600-4/690709089_122114393319250768_8323522124443127895_n.png?_nc_cat=106&ccb=1-7&_nc_ohc=asJe4nNxdeMQ7kNvwEqq1oB&_nc_oc=AdoJdCmm1EoEnW6xTiFaIuKnh-uvMDJ7ti3Tas8DdfB6EN2yhC3cdR1W7vFPnN8KgIwOyP7PAdE2Ck0ZEMxx6BRw&_nc_zt=1&_nc_ht=scontent-xxc1-1.xx&edm=ANIILHsEAAAA&_nc_gid=_vvtvGUp9AUJTNETyb4NeQ&_nc_tpa=Q5bMBQGhsf7fPv0GZLs-xZgHdRD8UClz97k5-QAvlynrsRBh7c0wgegUjsoov6hrmef0_72RNfbhUSX3rQ&stp=c0.5000x0.5000f_dst-emg0_p64x64_q75_tt6&ur=52f3c4&_nc_sid=58080a&oh=00_Af4pyPTQzG1dai3L581I0kJJfj6-KqkUxKN6a1x4CptbKA&oe=6A083EF7,7d8cee46830c3e5abec186058a16453a | 69ce6aa29f15c91e26d2bbec0ebe6162 | 8594e29b7f2305f96b375b567438bab5,ASSET_057916DB_62AC_4298_AE5C_002865214BCD_1X1 | ASSET_057916DB_62AC_4298_AE5C_002865214BCD_4X5 | ASSET_057916DB_62AC_4298_AE5C_002865214BCD_9X16,{},{},2026-05-11T15:02:55-0700,2026-05-11T15:05:52-0700
,,,,,120245876913440293,Tenor - GLP + Quiz - Problem-Aware Swipe Expansion - 2026-05-08 - Clean Review - Copy 2,ACTIVE,ACTIVE,120245876913700293,Concept 2 - GLP Muscle + Metabolism Protection,ACTIVE,ACTIVE,ACTIVE,120245876913930293,ProblemAware GLP tenor-11-C010-glp - Keep Your Drive Steady on GLP-1s,ACTIVE,ACTIVE,ACTIVE,1370097601830809,{{product.name}} 2026-05-11-077ead784b548c4803912691e561f490,https://shoptenorco.com/8b89a76d/daily-drive-essentials/10-reasons-glp/?utm_source=meta&utm_medium=paid,/8b89a76d/daily-drive-essentials/10-reasons-glp/,"GLP-1s cut appetite so hard your body starts burning muscle for fuel — not fat.

Tenor Daily Drive Essentials supports muscle preservation, steady metabolism, and healthy hormone pathways as the weight drops.

21 active ingredients. Disclosed doses. Third-party tested.

No needles. No prescription. No shutdown.

Two capsules every morning.

Support your drive while the fat comes off.

👉 Get your 30-day supply for $44 at 52% off. 90-day guarantee.",Keep Your Drive Steady on GLP-1s,✅ 90-Day Guarantee,LEARN_MORE,https://scontent-xxc1-1.xx.fbcdn.net/v/t45.1600-4/684110630_122114393193250768_5901480371309927523_n.png?_nc_cat=107&ccb=1-7&_nc_ohc=S3Rd66iw6VkQ7kNvwEbd5De&_nc_oc=AdonZQbJDxZky5UNkTb9i5o37B5cPMHuiiv8hD_mqbR5XY4wp2s7QRMQJRylui1bFvZbeYkpSB3UEJMb8nuCvH42&_nc_zt=1&_nc_ht=scontent-xxc1-1.xx&edm=ANIILHsEAAAA&_nc_gid=_vvtvGUp9AUJTNETyb4NeQ&_nc_tpa=Q5bMBQHR59h95ppVtg0ej3BJYf-31V0o1MSpGbMA-bDuGc4-H2oabME2VM-xy-oUabfKvXwnIl-oRXEJbg&stp=c0.5000x0.5000f_dst-emg0_p64x64_q75_tt6&ur=52f3c4&_nc_sid=58080a&oh=00_Af7jrH87yiAf7yYdrK6NxgB9v4hq8YsA57R3L0wzQqV9cg&oe=6A082B7D,c861898cbe8d73b5c2d7cab26468dc49 | fc4fbb803751838345d19880f6aea5cc | 99307900f691c351f46100e9ac17d835,ASSET_1DFF4079_BB58_4A27_B4F6_BF6EAE62DDA5_1X1 | ASSET_1DFF4079_BB58_4A27_B4F6_BF6EAE62DDA5_4X5 | ASSET_1DFF4079_BB58_4A27_B4F6_BF6EAE62DDA5_9X16,{},{},2026-05-11T15:02:55-0700,2026-05-11T15:06:16-0700
,,,,,120245876913440293,Tenor - GLP + Quiz - Problem-Aware Swipe Expansion - 2026-05-08 - Clean Review - Copy 2,ACTIVE,ACTIVE,120245876913700293,Concept 2 - GLP Muscle + Metabolism Protection,ACTIVE,ACTIVE,ACTIVE,120245876914220293,ProblemAware GLP tenor-12-C012-glp - Keep Your Drive Steady on GLP-1s,ACTIVE,ACTIVE,ACTIVE,3535668713256373,ProblemAware GLP tenor-12-C012-glp - Keep Your Drive Steady on GLP-1s 2026-05-08-5815bf36ed867570782fe7261097ec7d,https://shoptenorco.com/8b89a76d/daily-drive-essentials/10-reasons-glp/?utm_source=meta&utm_medium=paid,/8b89a76d/daily-drive-essentials/10-reasons-glp/,"GLP-1s cut appetite so hard your body starts burning muscle for fuel — not fat.

Tenor Daily Drive Essentials supports muscle preservation, steady metabolism, and healthy hormone pathways as the weight drops.

21 active ingredients. Disclosed doses. Third-party tested.

No needles. No prescription. No shutdown.

Two capsules every morning.

Support your drive while the fat comes off.

👉 Get your 30-day supply for $44 at 52% off. 90-day guarantee.",Keep Your Drive Steady on GLP-1s,✅ 90-Day Guarantee,LEARN_MORE,https://scontent-xxc1-1.xx.fbcdn.net/v/t45.1600-4/684933723_122114393133250768_4912906120981365328_n.png?_nc_cat=104&ccb=1-7&_nc_ohc=ejU0bZQoFRAQ7kNvwHLqjOB&_nc_oc=Adr6bXuXwParaD08XUpkM3a3McPi2vUwvP7pmoERDyOdAKENay45kuCfgp8PfA5xatHEjL1vR7UXOqTn_osVtSPU&_nc_zt=1&_nc_ht=scontent-xxc1-1.xx&edm=ANIILHsEAAAA&_nc_gid=_vvtvGUp9AUJTNETyb4NeQ&_nc_tpa=Q5bMBQFr3b4Ob7GfZJIhWGV8ud6UfL0hqCuupfX6wkciSy664J2cbhZeewY-wcKtPpIM4mU_RTT2VbmIeA&stp=c0.5000x0.5000f_dst-emg0_p64x64_q75_tt6&ur=52f3c4&_nc_sid=58080a&oh=00_Af5R-89LiCmbVWPgZ4VGTE2RYPkXhWvZjEzW36qfbFopHw&oe=6A0832F3,602101c3bdf734fdf429a9f86ccb3f82 | 3917215ff98388565565d6cefb4e8178 | bf4a61a904dba70d7f785433bf475688,ASSET_2A0FC138_178B_4446_80B6_3A234F8C6730_1X1 | ASSET_2A0FC138_178B_4446_80B6_3A234F8C6730_9X16 | ASSET_2A0FC138_178B_4446_80B6_3A234F8C6730_4X5,{},{},2026-05-11T15:02:55-0700,2026-05-11T15:05:23-0700
,,,,,120245876913440293,Tenor - GLP + Quiz - Problem-Aware Swipe Expansion - 2026-05-08 - Clean Review - Copy 2,ACTIVE,ACTIVE,120245876913680293,Concept 3 - GLP Doctor-Missed Side Effect,ACTIVE,ACTIVE,ACTIVE,120245876913790293,ProblemAware GLP curated-03-glp - The GLP-1 Side Effect No One Mentions,ACTIVE,ACTIVE,ACTIVE,1892192528133365,ProblemAware GLP curated-03-glp - The GLP-1 Side Effect No One Mentions 2026-05-08-b0da48a4638b58c8d3ccbbe0f0801191,https://shoptenorco.com/8b89a76d/daily-drive-essentials/10-reasons-glp/?utm_source=meta&utm_medium=paid,/8b89a76d/daily-drive-essentials/10-reasons-glp/,"What did they NOT tell you when they prescribed your GLP-1?

They told you about the nausea.
The injection schedule.
The dietary changes.

But nobody mentioned what's happening to your drive.

Here's the gap:

GLP-1 meds trigger rapid weight loss. Your body doesn't care whether it burns fat or lean tissue when it's shedding that fast.

You're losing the exact tissue that keeps your metabolism steady — and your hormone pathways healthy.

So the number on the scale drops.

But so does the thing behind your energy. Your focus. Your stamina. Your presence in every room that matters.

There's a reason you feel lighter but not better.

Dr. Adam Reese has seen this pattern hundreds of times. An MD who built Tenor specifically for the gap between ""your labs are normal"" and ""I don't feel like myself anymore.""

His recommendation for every man currently on a GLP-1:

A daily protocol. Two capsules every morning. 21 active ingredients at disclosed doses — supporting what rapid weight loss quietly drains.

💪 Tongkat Ali (400mg) — supports the stress response and healthy hormone pathways during rapid weight loss

💪 Zinc (50mg) — feeds the system your body relies on for testosterone metabolism

💪 Maca (250mg) + L-Arginine (250mg) — supports energy, circulation, and drive from two angles

No proprietary blends. Third-party tested. cGMP US facility.

In a survey of 1,203 men: 94% reported sustained morning energy. 81% noticed improved endurance. 87% felt more focused and present.

Get your 30-day supply for $44 at 52% off. 90-day guarantee.

Read Dr. Reese's protocol for what GLP-1s are quietly doing to men's drive — and the daily support he recommends.",The GLP-1 Side Effect No One Mentions,"By Dr. Adam Reese, MD | Tenor Founder",LEARN_MORE,https://scontent-xxc1-1.xx.fbcdn.net/v/t45.1600-4/678971491_122114392251250768_7252039707603892168_n.png?_nc_cat=104&ccb=1-7&_nc_ohc=fRVmKmubTaoQ7kNvwHLpVgb&_nc_oc=Adph3VvAXAZPhATWXnQ5xggvszjSvQHKPSEQBiOqHyJqjNZPPDmEAEFYsCpT-BdiYMyn2U4KcdE3dZSrmuZjTNOx&_nc_zt=1&_nc_ht=scontent-xxc1-1.xx&edm=ANIILHsEAAAA&_nc_gid=_vvtvGUp9AUJTNETyb4NeQ&_nc_tpa=Q5bMBQH2Etm60vhH6EF5XVBFLqwIwkpxWui946b4xB3GLBNj1mPzdOitq7fXu9HQEvfoetiMF3WMznJMRQ&stp=c0.5000x0.5000f_dst-emg0_p64x64_q75_tt6&ur=52f3c4&_nc_sid=58080a&oh=00_Af5M7pvaGKGrrAJdydk0fpbLuNv0cP4OBepFfaQETFHn5Q&oe=6A081339,3292e2d39151588514a1ea8a364075ef | 976647e996e1798ce975ac077d0da3e2 | 0c0330af3d83401513ea2552bcf30ea8,ASSET_1871E006_5F9B_41F7_B595_F46AB596D727_1X1 | ASSET_1871E006_5F9B_41F7_B595_F46AB596D727_4X5 | ASSET_1871E006_5F9B_41F7_B595_F46AB596D727_9X16,{},{},2026-05-11T15:02:54-0700,2026-05-11T15:06:12-0700
,,,,,120245876913440293,Tenor - GLP + Quiz - Problem-Aware Swipe Expansion - 2026-05-08 - Clean Review - Copy 2,ACTIVE,ACTIVE,120245876913680293,Concept 3 - GLP Doctor-Missed Side Effect,ACTIVE,ACTIVE,ACTIVE,120245876913750293,ProblemAware GLP curated-09-glp - The GLP-1 Side Effect No One Mentions,ACTIVE,ACTIVE,ACTIVE,1759870058483298,ProblemAware GLP curated-09-glp - The GLP-1 Side Effect No One Mentions 2026-05-08-adb9036832e477d35254f0e41128653d,https://shoptenorco.com/8b89a76d/daily-drive-essentials/10-reasons-glp/?utm_source=meta&utm_medium=paid,/8b89a76d/daily-drive-essentials/10-reasons-glp/,"What did they NOT tell you when they prescribed your GLP-1?

They told you about the nausea.
The injection schedule.
The dietary changes.

But nobody mentioned what's happening to your drive.

Here's the gap:

GLP-1 meds trigger rapid weight loss. Your body doesn't care whether it burns fat or lean tissue when it's shedding that fast.

You're losing the exact tissue that keeps your metabolism steady — and your hormone pathways healthy.

So the number on the scale drops.

But so does the thing behind your energy. Your focus. Your stamina. Your presence in every room that matters.

There's a reason you feel lighter but not better.

Dr. Adam Reese has seen this pattern hundreds of times. An MD who built Tenor specifically for the gap between ""your labs are normal"" and ""I don't feel like myself anymore.""

His recommendation for every man currently on a GLP-1:

A daily protocol. Two capsules every morning. 21 active ingredients at disclosed doses — supporting what rapid weight loss quietly drains.

💪 Tongkat Ali (400mg) — supports the stress response and healthy hormone pathways during rapid weight loss

💪 Zinc (50mg) — feeds the system your body relies on for testosterone metabolism

💪 Maca (250mg) + L-Arginine (250mg) — supports energy, circulation, and drive from two angles

No proprietary blends. Third-party tested. cGMP US facility.

In a survey of 1,203 men: 94% reported sustained morning energy. 81% noticed improved endurance. 87% felt more focused and present.

Get your 30-day supply for $44 at 52% off. 90-day guarantee.

Read Dr. Reese's protocol for what GLP-1s are quietly doing to men's drive — and the daily support he recommends.",The GLP-1 Side Effect No One Mentions,"By Dr. Adam Reese, MD | Tenor Founder",LEARN_MORE,https://scontent-xxc1-1.xx.fbcdn.net/v/t45.1600-4/691739082_122114392011250768_2141728188988509081_n.png?_nc_cat=110&ccb=1-7&_nc_ohc=OyS20fJKWrEQ7kNvwEVb41K&_nc_oc=Adq_g_UsVpAaEVwvOk-upLhHFpsj77lo-NKg5EWLlpXi2zeYwr88IWnhxfKULLu5W_UkEJiBbNAziPXe3JkPpbwV&_nc_zt=1&_nc_ht=scontent-xxc1-1.xx&edm=ANIILHsEAAAA&_nc_gid=_vvtvGUp9AUJTNETyb4NeQ&_nc_tpa=Q5bMBQElgHTEZRTi2SO0N8RMqUTlHaIFtJbYbUAWVFyRAW6DKSH-PBbYmgUhLojaXAGdvRBos3jateDX2A&stp=c0.5000x0.5000f_dst-emg0_p64x64_q75_tt6&ur=52f3c4&_nc_sid=58080a&oh=00_Af7gW4wUfK0Sav92QrgxXtedA-oIwEhHQX9cUurxQxtJtA&oe=6A08320F,b065e09c69ea8e4d3d4fcfe91779e7a0 | 8868953a10f5a19d29b10bd565936a37 | bacee162a1ecf0e42e624e4f6edc5a0a,ASSET_1E6F52AD_51A4_4E47_9DD1_47330535B25A_1X1 | ASSET_1E6F52AD_51A4_4E47_9DD1_47330535B25A_4X5 | ASSET_1E6F52AD_51A4_4E47_9DD1_47330535B25A_9X16,{},{},2026-05-11T15:02:54-0700,2026-05-11T15:05:22-0700
,,,,,120245876913440293,Tenor - GLP + Quiz - Problem-Aware Swipe Expansion - 2026-05-08 - Clean Review - Copy 2,ACTIVE,ACTIVE,120245876913680293,Concept 3 - GLP Doctor-Missed Side Effect,ACTIVE,ACTIVE,ACTIVE,120245876913710293,ProblemAware GLP curated-21-glp - The GLP-1 Side Effect No One Mentions,ACTIVE,ACTIVE,ACTIVE,962564766690475,ProblemAware GLP curated-21-glp - The GLP-1 Side Effect No One Mentions 2026-05-08-edc54dd6114ae1855befc631cd355b96,https://shoptenorco.com/8b89a76d/daily-drive-essentials/10-reasons-glp/?utm_source=meta&utm_medium=paid,/8b89a76d/daily-drive-essentials/10-reasons-glp/,"What did they NOT tell you when they prescribed your GLP-1?

They told you about the nausea.
The injection schedule.
The dietary changes.

But nobody mentioned what's happening to your drive.

Here's the gap:

GLP-1 meds trigger rapid weight loss. Your body doesn't care whether it burns fat or lean tissue when it's shedding that fast.

You're losing the exact tissue that keeps your metabolism steady — and your hormone pathways healthy.

So the number on the scale drops.

But so does the thing behind your energy. Your focus. Your stamina. Your presence in every room that matters.

There's a reason you feel lighter but not better.

Dr. Adam Reese has seen this pattern hundreds of times. An MD who built Tenor specifically for the gap between ""your labs are normal"" and ""I don't feel like myself anymore.""

His recommendation for every man currently on a GLP-1:

A daily protocol. Two capsules every morning. 21 active ingredients at disclosed doses — supporting what rapid weight loss quietly drains.

💪 Tongkat Ali (400mg) — supports the stress response and healthy hormone pathways during rapid weight loss

💪 Zinc (50mg) — feeds the system your body relies on for testosterone metabolism

💪 Maca (250mg) + L-Arginine (250mg) — supports energy, circulation, and drive from two angles

No proprietary blends. Third-party tested. cGMP US facility.

In a survey of 1,203 men: 94% reported sustained morning energy. 81% noticed improved endurance. 87% felt more focused and present.

Get your 30-day supply for $44 at 52% off. 90-day guarantee.

Read Dr. Reese's protocol for what GLP-1s are quietly doing to men's drive — and the daily support he recommends.",The GLP-1 Side Effect No One Mentions,"By Dr. Adam Reese, MD | Tenor Founder",LEARN_MORE,https://scontent-xxc1-1.xx.fbcdn.net/v/t45.1600-4/685999792_122114391501250768_4421499564249032476_n.png?_nc_cat=102&ccb=1-7&_nc_ohc=xdhJXQQPUHgQ7kNvwGs_MWb&_nc_oc=AdpkczHD5dlhakPaChIDovHtfLITEG4rICydyONqrhNNbp15mJY8s-WW3P5oWDpUSdZPXysDYTqek3F-oU1k3Cvd&_nc_zt=1&_nc_ht=scontent-xxc1-1.xx&edm=ANIILHsEAAAA&_nc_gid=_vvtvGUp9AUJTNETyb4NeQ&_nc_tpa=Q5bMBQFxDxDMVYMJqCfJjFbb0hD_jYFlAIMdVD6yNAxv70JATLnsoSDSLwr-nph977YHemQcmg3CFBPi0g&stp=c0.5000x0.5000f_dst-emg0_p64x64_q75_tt6&ur=52f3c4&_nc_sid=58080a&oh=00_Af4gfDUooaYT00KVhlSZgopqvQk7M0MPKMB2w_i5EQ5KPw&oe=6A083192,62d6d467dd6d99c4c8fef87d3b7bbb7c | 6c708871b114833b92b2d05e91725f13 | c90a3f2c87a2c245f8f39819290245e8,ASSET_42700DAB_87AD_4DAB_91AD_1BE1AAA21431_1X1 | ASSET_42700DAB_87AD_4DAB_91AD_1BE1AAA21431_4X5 | ASSET_42700DAB_87AD_4DAB_91AD_1BE1AAA21431_9X16,{},{},2026-05-11T15:02:54-0700,2026-05-11T15:05:23-0700
,,,,,120245876913440293,Tenor - GLP + Quiz - Problem-Aware Swipe Expansion - 2026-05-08 - Clean Review - Copy 2,ACTIVE,ACTIVE,120245876913680293,Concept 3 - GLP Doctor-Missed Side Effect,ACTIVE,ACTIVE,ACTIVE,120245876913800293,ProblemAware GLP curated-27-glp - The GLP-1 Side Effect No One Mentions,ACTIVE,ACTIVE,ACTIVE,1531122152088323,ProblemAware GLP curated-27-glp - The GLP-1 Side Effect No One Mentions 2026-05-08-087e33c7cf51aa73c8dad0928f4022df,https://shoptenorco.com/8b89a76d/daily-drive-essentials/10-reasons-glp/?utm_source=meta&utm_medium=paid,/8b89a76d/daily-drive-essentials/10-reasons-glp/,"What did they NOT tell you when they prescribed your GLP-1?

They told you about the nausea.
The injection schedule.
The dietary changes.

But nobody mentioned what's happening to your drive.

Here's the gap:

GLP-1 meds trigger rapid weight loss. Your body doesn't care whether it burns fat or lean tissue when it's shedding that fast.

You're losing the exact tissue that keeps your metabolism steady — and your hormone pathways healthy.

So the number on the scale drops.

But so does the thing behind your energy. Your focus. Your stamina. Your presence in every room that matters.

There's a reason you feel lighter but not better.

Dr. Adam Reese has seen this pattern hundreds of times. An MD who built Tenor specifically for the gap between ""your labs are normal"" and ""I don't feel like myself anymore.""

His recommendation for every man currently on a GLP-1:

A daily protocol. Two capsules every morning. 21 active ingredients at disclosed doses — supporting what rapid weight loss quietly drains.

💪 Tongkat Ali (400mg) — supports the stress response and healthy hormone pathways during rapid weight loss

💪 Zinc (50mg) — feeds the system your body relies on for testosterone metabolism

💪 Maca (250mg) + L-Arginine (250mg) — supports energy, circulation, and drive from two angles

No proprietary blends. Third-party tested. cGMP US facility.

In a survey of 1,203 men: 94% reported sustained morning energy. 81% noticed improved endurance. 87% felt more focused and present.

Get your 30-day supply for $44 at 52% off. 90-day guarantee.

Read Dr. Reese's protocol for what GLP-1s are quietly doing to men's drive — and the daily support he recommends.",The GLP-1 Side Effect No One Mentions,"By Dr. Adam Reese, MD | Tenor Founder",LEARN_MORE,https://scontent-xxc1-1.xx.fbcdn.net/v/t45.1600-4/685682171_122114390913250768_1830269021443711215_n.png?_nc_cat=100&ccb=1-7&_nc_ohc=hkE5I-bBTrIQ7kNvwGskgO3&_nc_oc=Adp1NOoWYkET6X9w6LEeZ38aDYEPEMl4iG9Zcatd_LdjYpmY8goQ77hphMWjIH-kdMNqKgKR2haKr7nNwVgNtz-W&_nc_zt=1&_nc_ht=scontent-xxc1-1.xx&edm=ANIILHsEAAAA&_nc_gid=_vvtvGUp9AUJTNETyb4NeQ&_nc_tpa=Q5bMBQFOpp_OFRdXSjHPE2_ip4mqIIg-OsWnBTXLhcq7m1y1Z-Sfy7n-8W_pHOQYj2hdnNwZMz9FwqTKqw&stp=c0.5000x0.5000f_dst-emg0_p64x64_q75_tt6&ur=52f3c4&_nc_sid=58080a&oh=00_Af5Peu0H44QuFv31dYeZ34_-P4DOIiIFE8W0aQlo-l4f5g&oe=6A082458,5fe962ce0852c92888c9655b11a79818 | 27b917d6e3706b0cf1b930f4fbc14850 | 78aa5bc1a99c7c091e7bea417057a087,ASSET_117C485C_35CE_4F07_91B6_0731E822CA51_4X5 | ASSET_117C485C_35CE_4F07_91B6_0731E822CA51_1X1 | ASSET_117C485C_35CE_4F07_91B6_0731E822CA51_9X16,{},{},2026-05-11T15:02:54-0700,2026-05-11T15:05:29-0700
,,,,,120245876913440293,Tenor - GLP + Quiz - Problem-Aware Swipe Expansion - 2026-05-08 - Clean Review - Copy 2,ACTIVE,ACTIVE,120245876913680293,Concept 3 - GLP Doctor-Missed Side Effect,ACTIVE,ACTIVE,ACTIVE,120245876913470293,ProblemAware GLP curated-30-glp - The GLP-1 Side Effect No One Mentions,ACTIVE,ACTIVE,ACTIVE,867039326409972,{{product.name}} 2026-05-11-65270d63990cf80d9274d19473f4a8c2,https://shoptenorco.com/8b89a76d/daily-drive-essentials/10-reasons-glp/?utm_source=meta&utm_medium=paid,/8b89a76d/daily-drive-essentials/10-reasons-glp/,"What did they NOT tell you when they prescribed your GLP-1?

They told you about the nausea.
The injection schedule.
The dietary changes.

But nobody mentioned what's happening to your drive.

Here's the gap:

GLP-1 meds trigger rapid weight loss. Your body doesn't care whether it burns fat or lean tissue when it's shedding that fast.

You're losing the exact tissue that keeps your metabolism steady — and your hormone pathways healthy.

So the number on the scale drops.

But so does the thing behind your energy. Your focus. Your stamina. Your presence in every room that matters.

There's a reason you feel lighter but not better.

Dr. Adam Reese has seen this pattern hundreds of times. An MD who built Tenor specifically for the gap between ""your labs are normal"" and ""I don't feel like myself anymore.""

His recommendation for every man currently on a GLP-1:

A daily protocol. Two capsules every morning. 21 active ingredients at disclosed doses — supporting what rapid weight loss quietly drains.

💪 Tongkat Ali (400mg) — supports the stress response and healthy hormone pathways during rapid weight loss

💪 Zinc (50mg) — feeds the system your body relies on for testosterone metabolism

💪 Maca (250mg) + L-Arginine (250mg) — supports energy, circulation, and drive from two angles

No proprietary blends. Third-party tested. cGMP US facility.

In a survey of 1,203 men: 94% reported sustained morning energy. 81% noticed improved endurance. 87% felt more focused and present.

Get your 30-day supply for $44 at 52% off. 90-day guarantee.

Read Dr. Reese's protocol for what GLP-1s are quietly doing to men's drive — and the daily support he recommends.",The GLP-1 Side Effect No One Mentions,"By Dr. Adam Reese, MD | Tenor Founder",LEARN_MORE,https://scontent-xxc1-1.xx.fbcdn.net/v/t45.1600-4/684915116_122114390763250768_830252128432437169_n.png?_nc_cat=104&ccb=1-7&_nc_ohc=3kXL30UCtqYQ7kNvwHgBVT_&_nc_oc=AdrworqRNIuQdynGxD8WVPStgDUpr1VNcf52gMoVqj7G7qGFEHfcpgA1k9Os14PYJcm5d6wnG52hgNIR3BYmRpWL&_nc_zt=1&_nc_ht=scontent-xxc1-1.xx&edm=ANIILHsEAAAA&_nc_gid=_vvtvGUp9AUJTNETyb4NeQ&_nc_tpa=Q5bMBQFJFUXCL4hOH1bGakGobiQ0AV9yg7TFJ1_hMUVgN7x3tDioyTMhvcS0O9KmTzbUAFtzXDRvAQ8oLg&stp=c0.5000x0.5000f_dst-emg0_p64x64_q75_tt6&ur=52f3c4&_nc_sid=58080a&oh=00_Af5G-qgGjBRAOmUjNl6GvHqbtxfin5-2Uefi01pn8GLU-w&oe=6A08363E,df4f9c18d4d38be1d04596b251b491ab | 0d0119ea82e05c84615628cbbff24f3a | 957c3b47dc8363fadb07c665e70916ca,ASSET_A8B1CC0A_21FF_4B6A_93B2_FD1B0AA9DE31_1X1 | ASSET_A8B1CC0A_21FF_4B6A_93B2_FD1B0AA9DE31_9X16 | ASSET_A8B1CC0A_21FF_4B6A_93B2_FD1B0AA9DE31_4X5,{},{},2026-05-11T15:02:54-0700,2026-05-11T15:06:00-0700
,,,,,120245876913440293,Tenor - GLP + Quiz - Problem-Aware Swipe Expansion - 2026-05-08 - Clean Review - Copy 2,ACTIVE,ACTIVE,120245876913690293,Concept 4 - Quiz Daily Decline / System Problem,ACTIVE,ACTIVE,ACTIVE,120245876913530293,ProblemAware QUIZ curated-01-quiz - Stop Losing Drive. Start Today.,ACTIVE,ACTIVE,ACTIVE,1289097823373195,ProblemAware QUIZ curated-01-quiz - Stop Losing Drive. Start Today. 2026-05-08-c7c0abebbc9fb516e5a83cf576140c86,https://shoptenorco.com/8b89a76d/daily-drive-essentials/quiz/?utm_source=meta&utm_medium=paid,/8b89a76d/daily-drive-essentials/quiz/,"Your energy is dropping right now.

And it's not ""just getting older.""

Every month you put off doing something about it, three systems keep declining together:

Your stress response stays elevated — draining the signal that keeps you sharp.

The pathway your body uses to produce drive gets quieter.

And circulation — the thing behind stamina, recovery, and presence — slows down.

That brain fog at 2 p.m.?

The gut that won't budge no matter what you eat?

The fact that you'd rather scroll your phone than do anything with your evening?

That's not laziness.

That's a system problem. And it compounds the longer you wait.

Tenor Daily Drive Essentials was built to support all three systems at once:

💪 Tongkat Ali (400mg) — supports healthy hormone pathways and stress response

💪 Zinc (50mg) — feeds the system your body relies on for daily drive

💪 L-Arginine (250mg) — supports nitric oxide and healthy circulation

And 21 total active ingredients working across three pathways — supporting what your body makes, keeping what you've got, and protecting the systems that produce it.

In a survey of 1,203 men: 94% reported sustained morning energy. 87% felt more focused and present. Not a vague ""maybe."" Real, steady energy.

Get your 30-day supply for $44 at 52% off and receive a $35 Welcome Kit value. Every order is backed by a 90-day guarantee.

If you don't feel the difference, you get every cent back.

But here's the thing — your drive isn't going to support itself while you ""think about it.""",Stop Losing Drive. Start Today.,-,LEARN_MORE,https://scontent-xxc1-1.xx.fbcdn.net/v/t45.1600-4/686910212_122114390709250768_3940457717830857141_n.png?_nc_cat=101&ccb=1-7&_nc_ohc=DekXKiIjLf4Q7kNvwGI9Vce&_nc_oc=Adrdautp83uD5iCnIThIHc27R2GadUGbr5s05Vy0VdPXvigwCfUTpiZ-AoOGKbL_4tuoAZNqzeqCcscnxLKqIJ6h&_nc_zt=1&_nc_ht=scontent-xxc1-1.xx&edm=ANIILHsEAAAA&_nc_gid=_vvtvGUp9AUJTNETyb4NeQ&_nc_tpa=Q5bMBQFxsskCS1UB_TwfN9fGyrGGjpna85jrlxEUoSCuZhNIzUq4yLSZMz34Bj8WskrnLWQX_LVqV-k4MA&stp=c0.5000x0.5000f_dst-emg0_p64x64_q75_tt6&ur=52f3c4&_nc_sid=58080a&oh=00_Af6IRaMBY8KxQsY-LK94tqvWiHWo79lTuGgePwbLtQD-EQ&oe=6A082F29,0b580bfbe7b89c9042d2df71261a6e31 | 0974257beae9eccd0afcb1eb549feb97 | e38777a34011f9550a90c1bc16e06d8c,ASSET_8204B2A4_408D_4EFE_B63D_2307EFBE5BED_1X1 | ASSET_8204B2A4_408D_4EFE_B63D_2307EFBE5BED_4X5 | ASSET_8204B2A4_408D_4EFE_B63D_2307EFBE5BED_9X16,{},{},2026-05-11T15:03:07-0700,2026-05-11T15:05:10-0700
,,,,,120245876913440293,Tenor - GLP + Quiz - Problem-Aware Swipe Expansion - 2026-05-08 - Clean Review - Copy 2,ACTIVE,ACTIVE,120245876913690293,Concept 4 - Quiz Daily Decline / System Problem,ACTIVE,ACTIVE,ACTIVE,120245876913570293,ProblemAware QUIZ curated-05-quiz - 90-Day Guarantee. Because It Works.,ACTIVE,ACTIVE,ACTIVE,988085713673663,ProblemAware QUIZ curated-05-quiz - 90-Day Guarantee. Because It Works. 2026-05-08-21ea3920bb2bc00487250f88931f7c27,https://shoptenorco.com/8b89a76d/daily-drive-essentials/quiz/?utm_source=meta&utm_medium=paid,/8b89a76d/daily-drive-essentials/quiz/,"Your dad wasn't crashing at 3 p.m. every afternoon.

You are. At 47.

He didn't have:

❌ Screens. Deadlines. A phone in his hand from 6 a.m. to midnight.
Stress that never stops — quietly draining the signal behind your drive.

❌ Seed oils. Plastics. Tap water.
A food system working against your hormonal balance at every meal.

❌ Sitting. Commuting. Sleeping five hours.
A lifestyle that chokes circulation and recovery before your body even has a chance.

You're not broken.

You're unsupported.

Quietly. Steadily. For years.

Tenor Daily Drive Essentials was built to plug the leaks:

💪 Tongkat Ali (400mg) — supports the pathway your body forgot how to use

💪 Zinc (50mg) — feeds the system behind healthy hormone metabolism

💪 21 active ingredients — supporting drive, stamina, and recovery from every angle

No proprietary blends.
No hidden doses.
No guessing.

Just disclosed doses.
Two capsules.
Every morning.

Get your 30-day supply for $44 at 52% off. 90-day guarantee.

Stop waiting for it to fix itself.

Start supporting what's been declining.",90-Day Guarantee. Because It Works.,✅ 90-Day Guarantee,LEARN_MORE,https://scontent-xxc1-1.xx.fbcdn.net/v/t45.1600-4/686526495_122114390541250768_1703096782282174095_n.png?_nc_cat=111&ccb=1-7&_nc_ohc=LePxgWmOBM8Q7kNvwHv0UTZ&_nc_oc=AdpjQSZ8bw4t41VX16ehAcakWyxvU4S8zWnzw-RCY18ODbJb5_4UqSFwTf6Io3AFpbo3d2Hr6UWu1b20_XVWQs48&_nc_zt=1&_nc_ht=scontent-xxc1-1.xx&edm=ANIILHsEAAAA&_nc_gid=_vvtvGUp9AUJTNETyb4NeQ&_nc_tpa=Q5bMBQHxaZG58yZHTbcsuD71_L1oxYbcqHVxFOl9WboGCkq6y30LRnx2jTpSTYyUAGWvAxamW3gkNBqWag&stp=c0.5000x0.5000f_dst-emg0_p64x64_q75_tt6&ur=52f3c4&_nc_sid=58080a&oh=00_Af7037Og4Lf3EagDaiVxYhUl_4O55DetCSZhX0GbviTzYA&oe=6A081DCB,3868a723c53fdd026e72269aaa62d7d3 | 83d6e92eb5e5a63b305316aff403cdaa | 59f52261b7d57d1eaf8a3251ab81734c,ASSET_DEB420BD_95CE_4E0D_8B32_11418689D054_1X1 | ASSET_DEB420BD_95CE_4E0D_8B32_11418689D054_4X5 | ASSET_DEB420BD_95CE_4E0D_8B32_11418689D054_9X16,{},{},2026-05-11T15:03:07-0700,2026-05-11T15:05:27-0700
,,,,,120245876913440293,Tenor - GLP + Quiz - Problem-Aware Swipe Expansion - 2026-05-08 - Clean Review - Copy 2,ACTIVE,ACTIVE,120245876913690293,Concept 4 - Quiz Daily Decline / System Problem,ACTIVE,ACTIVE,ACTIVE,120245876913480293,ProblemAware QUIZ curated-09-quiz - Stop Losing Drive. Start Today.,ACTIVE,ACTIVE,ACTIVE,1644062960195097,ProblemAware QUIZ curated-09-quiz - Stop Losing Drive. Start Today. 2026-05-08-6266b05eb47c7ba050e0085bd0f3e1fa,https://shoptenorco.com/8b89a76d/daily-drive-essentials/quiz/?utm_source=meta&utm_medium=paid,/8b89a76d/daily-drive-essentials/quiz/,"Your energy is dropping right now.

And it's not ""just getting older.""

Every month you put off doing something about it, three systems keep declining together:

Your stress response stays elevated — draining the signal that keeps you sharp.

The pathway your body uses to produce drive gets quieter.

And circulation — the thing behind stamina, recovery, and presence — slows down.

That brain fog at 2 p.m.?

The gut that won't budge no matter what you eat?

The fact that you'd rather scroll your phone than do anything with your evening?

That's not laziness.

That's a system problem. And it compounds the longer you wait.

Tenor Daily Drive Essentials was built to support all three systems at once:

💪 Tongkat Ali (400mg) — supports healthy hormone pathways and stress response

💪 Zinc (50mg) — feeds the system your body relies on for daily drive

💪 L-Arginine (250mg) — supports nitric oxide and healthy circulation

And 21 total active ingredients working across three pathways — supporting what your body makes, keeping what you've got, and protecting the systems that produce it.

In a survey of 1,203 men: 94% reported sustained morning energy. 87% felt more focused and present. Not a vague ""maybe."" Real, steady energy.

Get your 30-day supply for $44 at 52% off and receive a $35 Welcome Kit value. Every order is backed by a 90-day guarantee.

If you don't feel the difference, you get every cent back.

But here's the thing — your drive isn't going to support itself while you ""think about it.""",Stop Losing Drive. Start Today.,-,LEARN_MORE,https://scontent-xxc1-1.xx.fbcdn.net/v/t45.1600-4/685998833_122114388477250768_748950379586123126_n.png?_nc_cat=106&ccb=1-7&_nc_ohc=YAPf4iYQhcUQ7kNvwGDSelC&_nc_oc=AdoQ_4PYDKbvz2Ib-01Q3veA9Myrr8yxmCbzUd0g0vbAHcbthUpvF0vXAQ_lmJFZxKI7ELbuvyBxpLXX2uznia-a&_nc_zt=1&_nc_ht=scontent-xxc1-1.xx&edm=ANIILHsEAAAA&_nc_gid=_vvtvGUp9AUJTNETyb4NeQ&_nc_tpa=Q5bMBQHBHS0WHUlGoidk81l3mug5tsm8cYP5eZkje-DkFcXZsUPGrMa9znWVi7iOpUJyOVXNDjo5iF0xgA&stp=c0.5000x0.5000f_dst-emg0_p64x64_q75_tt6&ur=52f3c4&_nc_sid=58080a&oh=00_Af5KlMG45UTF_6ATqk6IMOHfz-0tICIk8UtS6nZw1E4xLg&oe=6A084390,65e70bda166047687429057f1177a7e9 | d249bcf02da4bd36a7cc0f0c969fefe7 | 8719d73401fc4fc9fb301a77b3892d8f,ASSET_E1DE4E6B_0614_4C09_990F_C5D7026998B3_4X5 | ASSET_E1DE4E6B_0614_4C09_990F_C5D7026998B3_1X1 | ASSET_E1DE4E6B_0614_4C09_990F_C5D7026998B3_9X16,{},{},2026-05-11T15:03:07-0700,2026-05-11T15:05:05-0700
,,,,,120245876913440293,Tenor - GLP + Quiz - Problem-Aware Swipe Expansion - 2026-05-08 - Clean Review - Copy 2,ACTIVE,ACTIVE,120245876913690293,Concept 4 - Quiz Daily Decline / System Problem,ACTIVE,ACTIVE,ACTIVE,120245876913520293,ProblemAware QUIZ curated-13-quiz - 90-Day Guarantee. Because It Works.,ACTIVE,ACTIVE,ACTIVE,2177267573067750,ProblemAware QUIZ curated-13-quiz - 90-Day Guarantee. Because It Works. 2026-05-08-abc5c96fde663fe019f691b0b8918734,https://shoptenorco.com/8b89a76d/daily-drive-essentials/quiz/?utm_source=meta&utm_medium=paid,/8b89a76d/daily-drive-essentials/quiz/,"Your dad wasn't crashing at 3 p.m. every afternoon.

You are. At 47.

He didn't have:

❌ Screens. Deadlines. A phone in his hand from 6 a.m. to midnight.
Stress that never stops — quietly draining the signal behind your drive.

❌ Seed oils. Plastics. Tap water.
A food system working against your hormonal balance at every meal.

❌ Sitting. Commuting. Sleeping five hours.
A lifestyle that chokes circulation and recovery before your body even has a chance.

You're not broken.

You're unsupported.

Quietly. Steadily. For years.

Tenor Daily Drive Essentials was built to plug the leaks:

💪 Tongkat Ali (400mg) — supports the pathway your body forgot how to use

💪 Zinc (50mg) — feeds the system behind healthy hormone metabolism

💪 21 active ingredients — supporting drive, stamina, and recovery from every angle

No proprietary blends.
No hidden doses.
No guessing.

Just disclosed doses.
Two capsules.
Every morning.

Get your 30-day supply for $44 at 52% off. 90-day guarantee.

Stop waiting for it to fix itself.

Start supporting what's been declining.",90-Day Guarantee. Because It Works.,✅ 90-Day Guarantee,LEARN_MORE,https://scontent-xxc1-1.xx.fbcdn.net/v/t45.1600-4/684991246_122114390067250768_2968681822851104394_n.png?_nc_cat=108&ccb=1-7&_nc_ohc=1fUgZ-ZdcvgQ7kNvwH7rWyk&_nc_oc=AdqXI_KpXYC3mcwIoFkG1O4EkY0ASm9niO1cUcHS45TH5K-4HUsslTgBaprcDqzAnK3AxlppjFhJP13XnHgjAul8&_nc_zt=1&_nc_ht=scontent-xxc1-1.xx&edm=ANIILHsEAAAA&_nc_gid=_vvtvGUp9AUJTNETyb4NeQ&_nc_tpa=Q5bMBQG0kpa1qpG5wNqKBhPFUqTSuYk9mu5vQexuos-5mL9_RlCVmbhpQoBzziNVsCrnbIbRjYBRQsTVIw&stp=c0.5000x0.5000f_dst-emg0_p64x64_q75_tt6&ur=52f3c4&_nc_sid=58080a&oh=00_Af5rXMJ7AOAFwPCHZny1IyGpZ1FN_Xr1wjbLJjFfaBq7TA&oe=6A0813A4,82e4f5317c98e5bd3aa8dd86886775fa | ad4d69c40530edb19d82aed939bc811f | 1a2bf474df72a7c21047695d0fa88ed3,ASSET_C6148D74_EB35_4A30_8CE4_7B9CAC2BE3BB_1X1 | ASSET_C6148D74_EB35_4A30_8CE4_7B9CAC2BE3BB_4X5 | ASSET_C6148D74_EB35_4A30_8CE4_7B9CAC2BE3BB_9X16,{},{},2026-05-11T15:03:07-0700,2026-05-11T15:05:07-0700
,,,,,120245876913440293,Tenor - GLP + Quiz - Problem-Aware Swipe Expansion - 2026-05-08 - Clean Review - Copy 2,ACTIVE,ACTIVE,120245876913690293,Concept 4 - Quiz Daily Decline / System Problem,ACTIVE,ACTIVE,ACTIVE,120245876913490293,ProblemAware QUIZ curated-16-quiz - 52% Off Limited-Time Welcome Offer,ACTIVE,ACTIVE,ACTIVE,2217495208788354,ProblemAware QUIZ curated-16-quiz - 52% Off Limited-Time Welcome Offer 2026-05-08-ed22b4ed91aa301f38234ca06bdf81e0,https://shoptenorco.com/8b89a76d/daily-drive-essentials/quiz/?utm_source=meta&utm_medium=paid,/8b89a76d/daily-drive-essentials/quiz/,"Noticed your midsection holding on — no matter what you do?

That's not just extra calories. It's a visible sign of what's shifting inside.

Let's talk about something most men quietly notice but never say out loud…

The soft tissue where definition used to be.

Here's the truth: it's not about skipping workouts or eating too much.

It's what happens when the systems behind your drive start declining.

When those pathways slow — which research shows starts around 30 — your body's balance shifts. The result? Stored fat where lean tissue should be.

And that same shift is why you feel drained by 3 p.m. Why workouts feel flat. Why your drive isn't what it used to be.

You can try everything…

More reps. Cutting carbs. Fat burners. Another supplement with a hidden formula.

But if you don't support the underlying systems, you're wasting time and money.

That's why Dr. Adam Reese built Tenor Daily Drive Essentials.

21 active ingredients. Disclosed doses. Two capsules every morning:

🌿 Tongkat Ali (400mg) — supports healthy hormone pathways and stress response
🪨 Maca (250mg) — supports stamina and endocrine balance
🛡️ Zinc (50mg) — supports the pathway behind hormone production
⚙️ Boron — supports free hormone levels your body can use
🌾 L-Arginine (250mg) — supports circulation and physical drive
⚡ Ginseng-Eleutherococcus (125mg) — supports recovery and daily focus
☀️ Botanical Matrix (745mg) — nine adaptogens for energy, mood, and balance

In a survey of 1,203 Tenor customers:
✅ 94% reported sustained morning energy
✅ 81% noticed improved endurance
✅ 87% felt more focused and present
✅ 92% said they felt more like themselves

Two capsules every morning. That's it.

No needles. No prescription. No clinic. Just a simple daily protocol that supports your body's systems.

Get your 30-day supply for $44 at 52% off and receive a $35 Welcome Kit value.

If it doesn't work for you? Return even the empty bottles. Full refund.

Support your drive. Naturally.",52% Off Limited-Time Welcome Offer,-,LEARN_MORE,https://scontent-xxc1-1.xx.fbcdn.net/v/t45.1600-4/683435998_122114389431250768_3427430340608546919_n.png?_nc_cat=105&ccb=1-7&_nc_ohc=WpN_hNRojPgQ7kNvwHj-pkz&_nc_oc=AdpumKsRlXioTwGQy5FdoXbTfZvjYoVCtXhV1aa__sPtAgs9082dlbevYmnFFIwqwQM8UkafDLs9NxkF3T-pzDBA&_nc_zt=1&_nc_ht=scontent-xxc1-1.xx&edm=ANIILHsEAAAA&_nc_gid=_vvtvGUp9AUJTNETyb4NeQ&_nc_tpa=Q5bMBQE0A_UgWJ8hPG-NdfD_XpvovTJhSF9EjGi0Ma0hD4n8J56bJrlyCB6eBg0DuZiekMxvCIadItJZTQ&stp=c0.5000x0.5000f_dst-emg0_p64x64_q75_tt6&ur=52f3c4&_nc_sid=58080a&oh=00_Af7RnX942lmKaP-D5nrGvIIC5n2-vm5A47vP4Fr0L3a5NA&oe=6A084258,cfc77f7db7b654a9d916901f928729b9 | 19551461dd9d562f61f39c6b5391f96e | f57c9edb32f0615dd85d27c8485235a5,ASSET_2A65CA35_4347_4A4D_83D3_47B828BA3208_1X1 | ASSET_2A65CA35_4347_4A4D_83D3_47B828BA3208_4X5 | ASSET_2A65CA35_4347_4A4D_83D3_47B828BA3208_9X16,{},{},2026-05-11T15:03:07-0700,2026-05-11T15:05:05-0700
,,,,,120245876913440293,Tenor - GLP + Quiz - Problem-Aware Swipe Expansion - 2026-05-08 - Clean Review - Copy 2,ACTIVE,ACTIVE,120245876913690293,Concept 4 - Quiz Daily Decline / System Problem,ACTIVE,ACTIVE,ACTIVE,120245876913580293,ProblemAware QUIZ curated-21-quiz - 90-Day Guarantee. Because It Works.,ACTIVE,ACTIVE,ACTIVE,1001323602412823,ProblemAware QUIZ curated-21-quiz - 90-Day Guarantee. Because It Works. 2026-05-08-8b1253091bd1cfcd8a76a8d11011dc5b,https://shoptenorco.com/8b89a76d/daily-drive-essentials/quiz/?utm_source=meta&utm_medium=paid,/8b89a76d/daily-drive-essentials/quiz/,"Your dad wasn't crashing at 3 p.m. every afternoon.

You are. At 47.

He didn't have:

❌ Screens. Deadlines. A phone in his hand from 6 a.m. to midnight.
Stress that never stops — quietly draining the signal behind your drive.

❌ Seed oils. Plastics. Tap water.
A food system working against your hormonal balance at every meal.

❌ Sitting. Commuting. Sleeping five hours.
A lifestyle that chokes circulation and recovery before your body even has a chance.

You're not broken.

You're unsupported.

Quietly. Steadily. For years.

Tenor Daily Drive Essentials was built to plug the leaks:

💪 Tongkat Ali (400mg) — supports the pathway your body forgot how to use

💪 Zinc (50mg) — feeds the system behind healthy hormone metabolism

💪 21 active ingredients — supporting drive, stamina, and recovery from every angle

No proprietary blends.
No hidden doses.
No guessing.

Just disclosed doses.
Two capsules.
Every morning.

Get your 30-day supply for $44 at 52% off. 90-day guarantee.

Stop waiting for it to fix itself.

Start supporting what's been declining.",90-Day Guarantee. Because It Works.,✅ 90-Day Guarantee,LEARN_MORE,https://scontent-xxc1-1.xx.fbcdn.net/v/t45.1600-4/686018127_122114389365250768_6659515452144540377_n.png?_nc_cat=109&ccb=1-7&_nc_ohc=SuLl0VZdmWwQ7kNvwG-yY6k&_nc_oc=Adp582DDMzQLu6KPnJWZUU7zZeMsupODM-ezJzMoZ6V4McMQ3rrfbvqb2xZbtldEUKa7oo5VJwSx-Wp0msfFp1Hv&_nc_zt=1&_nc_ht=scontent-xxc1-1.xx&edm=ANIILHsEAAAA&_nc_gid=_vvtvGUp9AUJTNETyb4NeQ&_nc_tpa=Q5bMBQEJr_9FUqq--R-QeEINUbODazYHQKXXzNdqOjsm8dFDQNggrjRhCcto66poucQx4eShtuLBmzrYsw&stp=c0.5000x0.5000f_dst-emg0_p64x64_q75_tt6&ur=52f3c4&_nc_sid=58080a&oh=00_Af7GtY5gvajuGfw2k4LN__DjxWkOy3O6eaRa8IQ_Xy2p9w&oe=6A08441F,9edb06a4c864ee148e61f0b3af4bc7f8 | 7749456ad03b7e6c65f98d0d898a6118 | ea942c7da375530a903ded29d3e00615,ASSET_BAE6DEB7_F6EE_45EB_BE74_63F58E14FCE4_1X1 | ASSET_BAE6DEB7_F6EE_45EB_BE74_63F58E14FCE4_4X5 | ASSET_BAE6DEB7_F6EE_45EB_BE74_63F58E14FCE4_9X16,{},{},2026-05-11T15:03:07-0700,2026-05-11T15:05:39-0700
,,,,,120245876913440293,Tenor - GLP + Quiz - Problem-Aware Swipe Expansion - 2026-05-08 - Clean Review - Copy 2,ACTIVE,ACTIVE,120245876913690293,Concept 4 - Quiz Daily Decline / System Problem,ACTIVE,ACTIVE,ACTIVE,120245876913780293,ProblemAware QUIZ tenor-23-C025-quiz - 52% Off Limited-Time Welcome Offer,ACTIVE,ACTIVE,ACTIVE,1007735145240932,ProblemAware QUIZ tenor-23-C025-quiz - 52% Off Limited-Time Welcome Offer 2026-05-08-33d4636fcf6dbe4b5cd3eb6cc9c89a40,https://shoptenorco.com/8b89a76d/daily-drive-essentials/quiz/?utm_source=meta&utm_medium=paid,/8b89a76d/daily-drive-essentials/quiz/,"Noticed your midsection holding on — no matter what you do?

That's not just extra calories. It's a visible sign of what's shifting inside.

Let's talk about something most men quietly notice but never say out loud…

The soft tissue where definition used to be.

Here's the truth: it's not about skipping workouts or eating too much.

It's what happens when the systems behind your drive start declining.

When those pathways slow — which research shows starts around 30 — your body's balance shifts. The result? Stored fat where lean tissue should be.

And that same shift is why you feel drained by 3 p.m. Why workouts feel flat. Why your drive isn't what it used to be.

You can try everything…

More reps. Cutting carbs. Fat burners. Another supplement with a hidden formula.

But if you don't support the underlying systems, you're wasting time and money.

That's why Dr. Adam Reese built Tenor Daily Drive Essentials.

21 active ingredients. Disclosed doses. Two capsules every morning:

🌿 Tongkat Ali (400mg) — supports healthy hormone pathways and stress response
🪨 Maca (250mg) — supports stamina and endocrine balance
🛡️ Zinc (50mg) — supports the pathway behind hormone production
⚙️ Boron — supports free hormone levels your body can use
🌾 L-Arginine (250mg) — supports circulation and physical drive
⚡ Ginseng-Eleutherococcus (125mg) — supports recovery and daily focus
☀️ Botanical Matrix (745mg) — nine adaptogens for energy, mood, and balance

In a survey of 1,203 Tenor customers:
✅ 94% reported sustained morning energy
✅ 81% noticed improved endurance
✅ 87% felt more focused and present
✅ 92% said they felt more like themselves

Two capsules every morning. That's it.

No needles. No prescription. No clinic. Just a simple daily protocol that supports your body's systems.

Get your 30-day supply for $44 at 52% off and receive a $35 Welcome Kit value.

If it doesn't work for you? Return even the empty bottles. Full refund.

Support your drive. Naturally.",52% Off Limited-Time Welcome Offer,-,LEARN_MORE,https://scontent-xxc1-1.xx.fbcdn.net/v/t45.1600-4/686393056_122114392467250768_7991772695519282150_n.png?_nc_cat=104&ccb=1-7&_nc_ohc=QoKXqhmHJFIQ7kNvwFcvIzt&_nc_oc=AdriEAzy2X7TF2JgabJdiJVQI9h4RiBF12tO1e4rBPRRH0x-B1QJkk4QS-vcYKP5SJ5tUjfJlTYEHur6HWQKsRCA&_nc_zt=1&_nc_ht=scontent-xxc1-1.xx&edm=ANIILHsEAAAA&_nc_gid=_vvtvGUp9AUJTNETyb4NeQ&_nc_tpa=Q5bMBQFT20KiNfwvjNIM5o3orb67xhH_Jb9PFj7hkrnt7960fa9VGy7ti5EuYJATtW3ZP5JU8_Y1xMV6Rw&stp=c0.5000x0.5000f_dst-emg0_p64x64_q75_tt6&ur=52f3c4&_nc_sid=58080a&oh=00_Af4iO5io7abZkGjuS7O0L5jltkcu1EwXwntV1-j2INIzlg&oe=6A081FF0,a4009010a20922418517335792b65916 | 6ed73b9c6b12788ccf912de885b2fb7c | e2526548bf95b0e8bb20f5c97dcbab07,ASSET_D0D9D0A4_C700_4DF6_8D23_E79F19C61808_1X1 | ASSET_D0D9D0A4_C700_4DF6_8D23_E79F19C61808_4X5 | ASSET_D0D9D0A4_C700_4DF6_8D23_E79F19C61808_9X16,{},{},2026-05-11T15:03:07-0700,2026-05-11T15:05:03-0700
,,,,,120245876913440293,Tenor - GLP + Quiz - Problem-Aware Swipe Expansion - 2026-05-08 - Clean Review - Copy 2,ACTIVE,ACTIVE,120245876913670293,Concept 5 - Quiz Offer / Proof / Guarantee,ACTIVE,ACTIVE,ACTIVE,120245876914130293,ProblemAware QUIZ curated-03-quiz - 52% Off + 90-Day Guarantee,ACTIVE,ACTIVE,ACTIVE,946311594912842,ProblemAware QUIZ curated-03-quiz - 52% Off + 90-Day Guarantee 2026-05-08-4ffd36585e1ab0f81e2a1b3472f1cb5a,https://shoptenorco.com/8b89a76d/daily-drive-essentials/quiz/?utm_source=meta&utm_medium=paid,/8b89a76d/daily-drive-essentials/quiz/,"810,000+ men didn't start Tenor because of a slick ad.

They started because something changed.

One man's wife told him he seemed ""more there"" after three weeks. Another tried a dozen supplements — spent hundreds — before finding the one that actually made his mornings feel different. His words: ""The energy felt clean, not forced.""

Then there's the guy who walked away from the clinic entirely. Or the 52-year-old who says his afternoons don't crash anymore and his workouts feel purposeful again.

These aren't cherry-picked outliers. In a survey of 1,203 customers:

→ 94% reported sustained morning energy

→ 81% noticed improved endurance

→ 87% felt more focused and present

→ 92% said they felt more like themselves

The protocol: 21 active ingredients at disclosed doses supporting your drive from three angles — healthy hormone pathways (Tongkat Ali, Zinc, Boron), circulation and stamina (L-Arginine, Maca), and stress response (Ginseng-Eleutherococcus, adaptogens).

Every batch third-party tested. cGMP certified. Made in the USA.

Get your 30-day supply for $44 at 52% off. Includes a 90-day guarantee. No risk. Just results or a full refund.",52% Off + 90-Day Guarantee,-,LEARN_MORE,https://scontent-xxc1-1.xx.fbcdn.net/v/t45.1600-4/685920176_122114390691250768_405779880925238467_n.png?_nc_cat=107&ccb=1-7&_nc_ohc=rgDTWZx2bPkQ7kNvwELco-G&_nc_oc=AdqQbXLB0wZkUngtXGXgVVoJjkRvFiUxsLye0-m7UqYRWeelly6KmgrMSfdFyZPOI85BttA3ADEE-fiehoSqBJJW&_nc_zt=1&_nc_ht=scontent-xxc1-1.xx&edm=ANIILHsEAAAA&_nc_gid=_vvtvGUp9AUJTNETyb4NeQ&_nc_tpa=Q5bMBQEjFvusm1cEfmcYEQ3HRPdaKjoO1OzJ2_YhJKN7NI5EyDQxdOVfrezV50cGPIjxDQcPa5nwdq0-2A&stp=c0.5000x0.5000f_dst-emg0_p64x64_q75_tt6&ur=52f3c4&_nc_sid=58080a&oh=00_Af6tZ9J07Hn5uo4KbMSZ6q8Xxl09It7Y5bVQOpBi6EJnkA&oe=6A082182,f6910f30fd96528bb396534a6e4a4ddb | 98a6e5888efc8539740ee94da68263d5 | bc0093ce800494a900b8f8434f16ad16,ASSET_099AA9E3_0A3C_419B_A2EF_22E4BF77645D_9X16 | ASSET_099AA9E3_0A3C_419B_A2EF_22E4BF77645D_1X1 | ASSET_099AA9E3_0A3C_419B_A2EF_22E4BF77645D_4X5,{},{},2026-05-11T15:03:02-0700,2026-05-11T15:05:02-0700
,,,,,120245876913440293,Tenor - GLP + Quiz - Problem-Aware Swipe Expansion - 2026-05-08 - Clean Review - Copy 2,ACTIVE,ACTIVE,120245876913670293,Concept 5 - Quiz Offer / Proof / Guarantee,ACTIVE,ACTIVE,ACTIVE,120245876913640293,ProblemAware QUIZ curated-12-quiz - 52% Off + 90-Day Guarantee,ACTIVE,ACTIVE,ACTIVE,2181407802696983,ProblemAware QUIZ curated-12-quiz - 52% Off + 90-Day Guarantee 2026-05-08-7f5737e0f3ee0d6c009fc31f9d82185f,https://shoptenorco.com/8b89a76d/daily-drive-essentials/quiz/?utm_source=meta&utm_medium=paid,/8b89a76d/daily-drive-essentials/quiz/,"810,000+ men didn't start Tenor because of a slick ad.

They started because something changed.

One man's wife told him he seemed ""more there"" after three weeks. Another tried a dozen supplements — spent hundreds — before finding the one that actually made his mornings feel different. His words: ""The energy felt clean, not forced.""

Then there's the guy who walked away from the clinic entirely. Or the 52-year-old who says his afternoons don't crash anymore and his workouts feel purposeful again.

These aren't cherry-picked outliers. In a survey of 1,203 customers:

→ 94% reported sustained morning energy

→ 81% noticed improved endurance

→ 87% felt more focused and present

→ 92% said they felt more like themselves

The protocol: 21 active ingredients at disclosed doses supporting your drive from three angles — healthy hormone pathways (Tongkat Ali, Zinc, Boron), circulation and stamina (L-Arginine, Maca), and stress response (Ginseng-Eleutherococcus, adaptogens).

Every batch third-party tested. cGMP certified. Made in the USA.

Get your 30-day supply for $44 at 52% off. Includes a 90-day guarantee. No risk. Just results or a full refund.",52% Off + 90-Day Guarantee,-,LEARN_MORE,https://scontent-xxc1-1.xx.fbcdn.net/v/t45.1600-4/681296864_122114389965250768_2275755046200196008_n.png?_nc_cat=104&ccb=1-7&_nc_ohc=Vg9NX8AxDdMQ7kNvwGbC-uA&_nc_oc=Adrvq_ayGgHiPhiCxLxjzTLUUrUXuaLFHKN-HYG2KzGxS-fSFBlnIW9x_07dz5LMTcAICFakq6Df7P_Jlgn-6wtX&_nc_zt=1&_nc_ht=scontent-xxc1-1.xx&edm=ANIILHsEAAAA&_nc_gid=_vvtvGUp9AUJTNETyb4NeQ&_nc_tpa=Q5bMBQHJXQA4AF7vmrfT9Cld9BcZhfkC24_DfFs8OiOMJQ9AcVjcpOgcPjdBqB11QBEPjjZznKgXYbakUg&stp=c0.5000x0.5000f_dst-emg0_p64x64_q75_tt6&ur=52f3c4&_nc_sid=58080a&oh=00_Af5YyVDuNn-8ggUHPJ2YT1MtVwKwgseqVrmuQTyu9NCeQg&oe=6A083CC0,a5af73f4f951239b256707b4db654ac0 | 23012f3c3e46570505ce67dd213472ea | fdbf15eb1db955a405df74be03d8f7fc,ASSET_FDD9B828_25E9_485B_BC6B_0D15BF728849_4X5 | ASSET_FDD9B828_25E9_485B_BC6B_0D15BF728849_1X1 | ASSET_FDD9B828_25E9_485B_BC6B_0D15BF728849_9X16,{},{},2026-05-11T15:03:02-0700,2026-05-11T15:04:49-0700
,,,,,120245876913440293,Tenor - GLP + Quiz - Problem-Aware Swipe Expansion - 2026-05-08 - Clean Review - Copy 2,ACTIVE,ACTIVE,120245876913670293,Concept 5 - Quiz Offer / Proof / Guarantee,ACTIVE,ACTIVE,ACTIVE,120245876914080293,ProblemAware QUIZ curated-14-quiz - 52% Off Limited-Time Welcome Offer,ACTIVE,ACTIVE,ACTIVE,1017154437307745,ProblemAware QUIZ curated-14-quiz - 52% Off Limited-Time Welcome Offer 2026-05-08-79f3ba5165b34ccfc42319b9d52fcd17,https://shoptenorco.com/8b89a76d/daily-drive-essentials/quiz/?utm_source=meta&utm_medium=paid,/8b89a76d/daily-drive-essentials/quiz/,"SAVE 52% + $35 WELCOME KIT VALUE

21 active ingredients. Disclosed doses. Third-party tested.

See how Tenor Daily Drive Essentials is helping men support steady energy, drive, and presence — naturally.

Two capsules every morning. No prescription. No clinic. No needles.

Get The Protocol — start your 30-day supply for $44 at 52% off and receive a $35 Welcome Kit value.",52% Off Limited-Time Welcome Offer,✅ 90-Day Guarantee,LEARN_MORE,https://scontent-xxc1-1.xx.fbcdn.net/v/t45.1600-4/681558560_122114390193250768_4081996383858092708_n.png?_nc_cat=104&ccb=1-7&_nc_ohc=g-14Q2BMguMQ7kNvwFzdr47&_nc_oc=AdrkG41oyAF9rygjVywT5IF5WDAJFx4PYsXOdlVgJ697IyTFwuUM2Fngs1-oh1n3_cEKUY11ueTcQzJXx2Zfn1pq&_nc_zt=1&_nc_ht=scontent-xxc1-1.xx&edm=ANIILHsEAAAA&_nc_gid=_vvtvGUp9AUJTNETyb4NeQ&_nc_tpa=Q5bMBQE1pX_mu72MHnZ7pU8Zf7Uz5j0QWGp7Eh_S7tMU4oZOJ5sIVAwYUqAIEO88lev2J3NZKtNYd0zxGA&stp=c0.5000x0.5000f_dst-emg0_p64x64_q75_tt6&ur=52f3c4&_nc_sid=58080a&oh=00_Af6F-0Do7LgnuCVS6r6PFr3cD70ZFaPR0f1yjxzXKRlZfQ&oe=6A08223F,89d5c6473e2e756c8625b3c31c260cee | daf02c8aff6250b12af345d4db823b7c | 55fd924abe0e4800f7192724d8a3b5c1,ASSET_390AD211_AE9E_441C_9595_E3A799D8998E_1X1 | ASSET_390AD211_AE9E_441C_9595_E3A799D8998E_4X5 | ASSET_390AD211_AE9E_441C_9595_E3A799D8998E_9X16,{},{},2026-05-11T15:03:02-0700,2026-05-11T15:05:38-0700
,,,,,120245876913440293,Tenor - GLP + Quiz - Problem-Aware Swipe Expansion - 2026-05-08 - Clean Review - Copy 2,ACTIVE,ACTIVE,120245876913670293,Concept 5 - Quiz Offer / Proof / Guarantee,ACTIVE,ACTIVE,ACTIVE,120245876913760293,ProblemAware QUIZ curated-19-quiz - 52% Off + 90-Day Guarantee,ACTIVE,ACTIVE,ACTIVE,984662697478925,ProblemAware QUIZ curated-19-quiz - 52% Off + 90-Day Guarantee 2026-05-08-86a0d45744bd3d7c845583f8abd9e9b2,https://shoptenorco.com/8b89a76d/daily-drive-essentials/quiz/?utm_source=meta&utm_medium=paid,/8b89a76d/daily-drive-essentials/quiz/,"810,000+ men didn't start Tenor because of a slick ad.

They started because something changed.

One man's wife told him he seemed ""more there"" after three weeks. Another tried a dozen supplements — spent hundreds — before finding the one that actually made his mornings feel different. His words: ""The energy felt clean, not forced.""

Then there's the guy who walked away from the clinic entirely. Or the 52-year-old who says his afternoons don't crash anymore and his workouts feel purposeful again.

These aren't cherry-picked outliers. In a survey of 1,203 customers:

→ 94% reported sustained morning energy

→ 81% noticed improved endurance

→ 87% felt more focused and present

→ 92% said they felt more like themselves

The protocol: 21 active ingredients at disclosed doses supporting your drive from three angles — healthy hormone pathways (Tongkat Ali, Zinc, Boron), circulation and stamina (L-Arginine, Maca), and stress response (Ginseng-Eleutherococcus, adaptogens).

Every batch third-party tested. cGMP certified. Made in the USA.

Get your 30-day supply for $44 at 52% off. Includes a 90-day guarantee. No risk. Just results or a full refund.",52% Off + 90-Day Guarantee,-,LEARN_MORE,https://scontent-xxc1-1.xx.fbcdn.net/v/t45.1600-4/685732112_122114390121250768_6336406634077494333_n.png?_nc_cat=111&ccb=1-7&_nc_ohc=4GxvLe599YQQ7kNvwEx47-J&_nc_oc=AdpaUdr4i1_C-Z_1ARIYLCFL8LI9xUCMh2eJAjGa7J0a4MIq8gaJz0YTb0fWPbXMhEoH_AtiriKEKo1QejDUN6Up&_nc_zt=1&_nc_ht=scontent-xxc1-1.xx&edm=ANIILHsEAAAA&_nc_gid=_vvtvGUp9AUJTNETyb4NeQ&_nc_tpa=Q5bMBQEPdhhMCOyrCSJceH6JuAXUtJqUrnsUQtzTuntNtMGLKULQ-u7UV4JUqRruk_3Mp1QupbaufgDHTg&stp=c0.5000x0.5000f_dst-emg0_p64x64_q75_tt6&ur=52f3c4&_nc_sid=58080a&oh=00_Af6YwZjjliFSj-aaeUq3GJx1683fwHVjjmr11LV8REnYeA&oe=6A083364,c2710440bd08f4880fb8a8340ead3a02 | 92fd291fe5a9dbc47216835289f244aa | 910c5e3124cff95b5daf0fe27a9da246,ASSET_10E251D4_72F3_43D5_B7A2_612519BAB52B_1X1 | ASSET_10E251D4_72F3_43D5_B7A2_612519BAB52B_4X5 | ASSET_10E251D4_72F3_43D5_B7A2_612519BAB52B_9X16,{},{},2026-05-11T15:03:02-0700,2026-05-11T15:05:07-0700
,,,,,120245876913440293,Tenor - GLP + Quiz - Problem-Aware Swipe Expansion - 2026-05-08 - Clean Review - Copy 2,ACTIVE,ACTIVE,120245876913670293,Concept 5 - Quiz Offer / Proof / Guarantee,ACTIVE,ACTIVE,ACTIVE,120245876913600293,ProblemAware QUIZ curated-26-quiz - 52% Off Limited-Time Welcome Offer,ACTIVE,ACTIVE,ACTIVE,1580794707381231,ProblemAware QUIZ curated-26-quiz - 52% Off Limited-Time Welcome Offer 2026-05-08-e83b7014325f7e7710c1630db8429855,https://shoptenorco.com/8b89a76d/daily-drive-essentials/quiz/?utm_source=meta&utm_medium=paid,/8b89a76d/daily-drive-essentials/quiz/,"You eat clean. You move daily. You're STILL crashing by 3 p.m. and gaining weight.

Here's why.

If you're over 40 and constantly dragging through the day, or frustrated that workouts feel flat…

It's not willpower.

It's your systems.

The pathways behind energy, drive, and stamina start declining around 30. And that slow drain robs you of presence, focus, endurance, and the feeling that your body is actually responding.

One day you look up and wonder:

""What happened?""

Most guys try to fix it by training harder… eating cleaner… drinking more coffee…

And when that doesn't work?

A cabinet full of overpriced, under-dosed supplements with hidden blends. Or worse — considering a clinic, a prescription, needles.

Here's the truth:

You don't need a prescription.

You need a daily protocol that supports what your body is quietly losing.

That's what Tenor Daily Drive Essentials was built for.

21 active ingredients. Disclosed doses. Two capsules every morning:

🌿 Tongkat Ali (400mg) — supports drive, stress response, and morning energy
🪨 Maca (250mg) — supports stamina so you don't crash mid-day
🛡️ Zinc (50mg) — supports the pathway behind hormone balance
⚙️ Boron — supports free hormone levels your body can actually use
🌾 L-Arginine (250mg) — supports circulation and physical drive
⚡ Ginseng-Eleutherococcus (125mg) — supports recovery and mental focus
☀️ Botanical matrix (745mg) — nine adaptogens supporting daily vitality

No proprietary blends. No fairy dust. Just disclosed doses your body can feel.

In a survey of 1,203 men using Tenor for 90 days:

✅ 94% reported sustained morning energy
✅ 81% noticed improved endurance
✅ 87% felt more focused and present
✅ 92% said they felt more like themselves

No needles. No stacking. No cycling. Just a daily ritual.

Get your 30-day supply for $44 at 52% off and receive a $35 Welcome Kit value.

810,000+ men have already made this their morning protocol.

If you don't feel steadier, sharper, and more present in 90 days — return even the empty bottles for a full refund. No questions asked.

👉 Support your drive. Naturally. Two capsules every morning.",52% Off Limited-Time Welcome Offer,-,LEARN_MORE,https://scontent-xxc1-1.xx.fbcdn.net/v/t45.1600-4/684966013_122114388825250768_9202188606960658363_n.png?_nc_cat=102&ccb=1-7&_nc_ohc=gzisKSw8Q8gQ7kNvwEmY72o&_nc_oc=AdqVJ2oKq-hat-EPb-LFa9AXBkQoA92B6K-Sds40Ziuwd5NlLEeC3Y8glD22RGZmghhbpkJaXr6efdcu3xTOqi6O&_nc_zt=1&_nc_ht=scontent-xxc1-1.xx&edm=ANIILHsEAAAA&_nc_gid=_vvtvGUp9AUJTNETyb4NeQ&_nc_tpa=Q5bMBQFXxjfhtPdLBwolDQGzL4dMvo2yB6HzEFNO1jXV9MzYGcopn95SYjqc_-57F7Yck6uoVC-DoNWFYw&stp=c0.5000x0.5000f_dst-emg0_p64x64_q75_tt6&ur=52f3c4&_nc_sid=58080a&oh=00_Af4cz_WFG-jDlzE08ANV8ZG0N2eO4Nmnnwkf7ahPuz11Qw&oe=6A08158D,526f8ebde11de28f57ff8ebef61a1ab4 | 562bed44c39b1356c49589afce0738f8 | 70f77e606f94eeeef4743741d699a00e,ASSET_D953BD1D_F173_405A_83B4_9C439872EC7D_4X5 | ASSET_D953BD1D_F173_405A_83B4_9C439872EC7D_1X1 | ASSET_D953BD1D_F173_405A_83B4_9C439872EC7D_9X16,{},{},2026-05-11T15:03:02-0700,2026-05-11T15:04:44-0700
,,,,,120245876913440293,Tenor - GLP + Quiz - Problem-Aware Swipe Expansion - 2026-05-08 - Clean Review - Copy 2,ACTIVE,ACTIVE,120245876913670293,Concept 5 - Quiz Offer / Proof / Guarantee,ACTIVE,ACTIVE,ACTIVE,120245876914120293,ProblemAware QUIZ tenor-17-C016-quiz - 52% Off Limited-Time Welcome Offer,ACTIVE,ACTIVE,ACTIVE,3279917065502541,ProblemAware QUIZ tenor-17-C016-quiz - 52% Off Limited-Time Welcome Offer 2026-05-08-57fa5f8baf01741b1f86c972309cd158,https://shoptenorco.com/8b89a76d/daily-drive-essentials/quiz/?utm_source=meta&utm_medium=paid,/8b89a76d/daily-drive-essentials/quiz/,"You eat clean. You move daily. You're STILL crashing by 3 p.m. and gaining weight.

Here's why.

If you're over 40 and constantly dragging through the day, or frustrated that workouts feel flat…

It's not willpower.

It's your systems.

The pathways behind energy, drive, and stamina start declining around 30. And that slow drain robs you of presence, focus, endurance, and the feeling that your body is actually responding.

One day you look up and wonder:

""What happened?""

Most guys try to fix it by training harder… eating cleaner… drinking more coffee…

And when that doesn't work?

A cabinet full of overpriced, under-dosed supplements with hidden blends. Or worse — considering a clinic, a prescription, needles.

Here's the truth:

You don't need a prescription.

You need a daily protocol that supports what your body is quietly losing.

That's what Tenor Daily Drive Essentials was built for.

21 active ingredients. Disclosed doses. Two capsules every morning:

🌿 Tongkat Ali (400mg) — supports drive, stress response, and morning energy
🪨 Maca (250mg) — supports stamina so you don't crash mid-day
🛡️ Zinc (50mg) — supports the pathway behind hormone balance
⚙️ Boron — supports free hormone levels your body can actually use
🌾 L-Arginine (250mg) — supports circulation and physical drive
⚡ Ginseng-Eleutherococcus (125mg) — supports recovery and mental focus
☀️ Botanical matrix (745mg) — nine adaptogens supporting daily vitality

No proprietary blends. No fairy dust. Just disclosed doses your body can feel.

In a survey of 1,203 men using Tenor for 90 days:

✅ 94% reported sustained morning energy
✅ 81% noticed improved endurance
✅ 87% felt more focused and present
✅ 92% said they felt more like themselves

No needles. No stacking. No cycling. Just a daily ritual.

Get your 30-day supply for $44 at 52% off and receive a $35 Welcome Kit value.

810,000+ men have already made this their morning protocol.

If you don't feel steadier, sharper, and more present in 90 days — return even the empty bottles for a full refund. No questions asked.

👉 Support your drive. Naturally. Two capsules every morning.",52% Off Limited-Time Welcome Offer,-,LEARN_MORE,https://scontent-xxc1-1.xx.fbcdn.net/v/t45.1600-4/687613998_122114392857250768_700612228880717841_n.png?_nc_cat=102&ccb=1-7&_nc_ohc=x8bu1LzuotkQ7kNvwGrmedq&_nc_oc=AdohLY5HIduKrS6VfL09o6Q_9ZNm07ZbuIpPWbWyLw4VtWWcc_INbcT8UIQdjgmH7QC3NhLbiLsSWhyGypw9S9_2&_nc_zt=1&_nc_ht=scontent-xxc1-1.xx&edm=ANIILHsEAAAA&_nc_gid=_vvtvGUp9AUJTNETyb4NeQ&_nc_tpa=Q5bMBQFL31Rat8Re9pdVzfFyZDZxoBFRXaDtpkcZ269njHA7V62POL46tUrcJ_LJViXKU_xJ4f9iUG65XA&stp=c0.5000x0.5000f_dst-emg0_p64x64_q75_tt6&ur=52f3c4&_nc_sid=58080a&oh=00_Af6idiXp6z9t69MU49dCRy2JJdAlZj1ynBGHnM5Xy7JDBA&oe=6A08357D,d338f4113914b2d128aba4c61a28b10c | 1abdeaf22b7ffbfd7acae6860fb456ac | 754a85c4d54b03523ef622a400034c04,ASSET_BFBEA4BD_E8E9_4CA0_A762_F894567A977F_4X5 | ASSET_BFBEA4BD_E8E9_4CA0_A762_F894567A977F_1X1 | ASSET_BFBEA4BD_E8E9_4CA0_A762_F894567A977F_9X16,{},{},2026-05-11T15:03:02-0700,2026-05-11T15:06:01-0700
,,,,,120245876913440293,Tenor - GLP + Quiz - Problem-Aware Swipe Expansion - 2026-05-08 - Clean Review - Copy 2,ACTIVE,ACTIVE,120245876913670293,Concept 5 - Quiz Offer / Proof / Guarantee,ACTIVE,ACTIVE,ACTIVE,120245876914110293,ProblemAware QUIZ tenor-18-C017-quiz - 52% Off + 90-Day Guarantee,ACTIVE,ACTIVE,ACTIVE,1631755264607548,ProblemAware QUIZ tenor-18-C017-quiz - 52% Off + 90-Day Guarantee 2026-05-08-e13b710fceb8cc2612a4efb3cfe4f246,https://shoptenorco.com/8b89a76d/daily-drive-essentials/quiz/?utm_source=meta&utm_medium=paid,/8b89a76d/daily-drive-essentials/quiz/,"810,000+ men didn't start Tenor because of a slick ad.

They started because something changed.

One man's wife told him he seemed ""more there"" after three weeks. Another tried a dozen supplements — spent hundreds — before finding the one that actually made his mornings feel different. His words: ""The energy felt clean, not forced.""

Then there's the guy who walked away from the clinic entirely. Or the 52-year-old who says his afternoons don't crash anymore and his workouts feel purposeful again.

These aren't cherry-picked outliers. In a survey of 1,203 customers:

→ 94% reported sustained morning energy

→ 81% noticed improved endurance

→ 87% felt more focused and present

→ 92% said they felt more like themselves

The protocol: 21 active ingredients at disclosed doses supporting your drive from three angles — healthy hormone pathways (Tongkat Ali, Zinc, Boron), circulation and stamina (L-Arginine, Maca), and stress response (Ginseng-Eleutherococcus, adaptogens).

Every batch third-party tested. cGMP certified. Made in the USA.

Get your 30-day supply for $44 at 52% off. Includes a 90-day guarantee. No risk. Just results or a full refund.",52% Off + 90-Day Guarantee,-,LEARN_MORE,https://scontent-xxc1-1.xx.fbcdn.net/v/t45.1600-4/685055863_122114392767250768_2580453346561747933_n.png?_nc_cat=106&ccb=1-7&_nc_ohc=SMjwb2U6JjsQ7kNvwG37kkA&_nc_oc=AdpSXnfOlRw_yB8qWPirg7rU-QH8zw4MVaV2tP2QXLLvAhGgzcOyr8wnKdDaT1A_e9J28CkjuZGmRnIcvQAhZJsV&_nc_zt=1&_nc_ht=scontent-xxc1-1.xx&edm=ANIILHsEAAAA&_nc_gid=_vvtvGUp9AUJTNETyb4NeQ&_nc_tpa=Q5bMBQF43-NOOEjnxM8HT3Ht4MWnF9Y7zspUsWGN2jHqccEdzo_RrrAbU0jtNCvnubNh278R6JdOY-AVLg&stp=c0.5000x0.5000f_dst-emg0_p64x64_q75_tt6&ur=52f3c4&_nc_sid=58080a&oh=00_Af6DqStBElcQgMutjhYEQGrdNTfcmi26tFw1_KDZtgLYjQ&oe=6A081A69,fa09a6ade5eb8704d2e54c3c60acbf78 | 71ef2acf59d8bd64af327234a7a9fbc2 | 1f4a57b42b800ddce3bc34c269e65bce,ASSET_B8E40E8F_2A28_43E3_B8D1_99126D00EE8A_1X1 | ASSET_B8E40E8F_2A28_43E3_B8D1_99126D00EE8A_4X5 | ASSET_B8E40E8F_2A28_43E3_B8D1_99126D00EE8A_9X16,{},{},2026-05-11T15:03:02-0700,2026-05-11T15:05:34-0700
,,,,,120245876913440293,Tenor - GLP + Quiz - Problem-Aware Swipe Expansion - 2026-05-08 - Clean Review - Copy 2,ACTIVE,ACTIVE,120245876913670293,Concept 5 - Quiz Offer / Proof / Guarantee,ACTIVE,ACTIVE,ACTIVE,120245876914190293,ProblemAware QUIZ tenor-19-C018-quiz - 52% Off + 90-Day Guarantee,ACTIVE,ACTIVE,ACTIVE,1295605968737154,ProblemAware QUIZ tenor-19-C018-quiz - 52% Off + 90-Day Guarantee 2026-05-08-abd9bbff58d80968c80c0772528277f9,https://shoptenorco.com/8b89a76d/daily-drive-essentials/quiz/?utm_source=meta&utm_medium=paid,/8b89a76d/daily-drive-essentials/quiz/,"810,000+ men didn't start Tenor because of a slick ad.

They started because something changed.

One man's wife told him he seemed ""more there"" after three weeks. Another tried a dozen supplements — spent hundreds — before finding the one that actually made his mornings feel different. His words: ""The energy felt clean, not forced.""

Then there's the guy who walked away from the clinic entirely. Or the 52-year-old who says his afternoons don't crash anymore and his workouts feel purposeful again.

These aren't cherry-picked outliers. In a survey of 1,203 customers:

→ 94% reported sustained morning energy

→ 81% noticed improved endurance

→ 87% felt more focused and present

→ 92% said they felt more like themselves

The protocol: 21 active ingredients at disclosed doses supporting your drive from three angles — healthy hormone pathways (Tongkat Ali, Zinc, Boron), circulation and stamina (L-Arginine, Maca), and stress response (Ginseng-Eleutherococcus, adaptogens).

Every batch third-party tested. cGMP certified. Made in the USA.

Get your 30-day supply for $44 at 52% off. Includes a 90-day guarantee. No risk. Just results or a full refund.",52% Off + 90-Day Guarantee,-,LEARN_MORE,https://scontent-xxc1-1.xx.fbcdn.net/v/t45.1600-4/687783438_122114392707250768_4808530096846784932_n.png?_nc_cat=111&ccb=1-7&_nc_ohc=c62sBsN1jXAQ7kNvwHyqDHX&_nc_oc=Adp24tVkkSBSU-UMlq0uZaUv6YV7ZvB4cg3N2KZuL68vBC_I64c68TQT75N9AWOvPzXbwblh64WVaczsWmGpT9jn&_nc_zt=1&_nc_ht=scontent-xxc1-1.xx&edm=ANIILHsEAAAA&_nc_gid=_vvtvGUp9AUJTNETyb4NeQ&_nc_tpa=Q5bMBQHMh87U0tZ8wuRFpDSqQH2YlZaPifwBc62EFGefVrrMoP84J1_qg4a8mWuAZmnJkSgPk0CFED91mA&stp=c0.5000x0.5000f_dst-emg0_p64x64_q75_tt6&ur=52f3c4&_nc_sid=58080a&oh=00_Af5K54BXZ0A6uS0BGJtbJmEW-TXaRigzYNWtf1miZyiqrQ&oe=6A0819C0,1b0ed3a7022894c1d1ab967b3355131e | 04e3c47b24d8e81a9a5b635aa55748dc | 546074ff5dfa53d3f4223b4e8c379cb0,ASSET_F8536191_2696_4632_8AB6_D2C314DC0F9E_1X1 | ASSET_F8536191_2696_4632_8AB6_D2C314DC0F9E_4X5 | ASSET_F8536191_2696_4632_8AB6_D2C314DC0F9E_9X16,{},{},2026-05-11T15:03:02-0700,2026-05-11T15:05:03-0700
,,,,,120245876913440293,Tenor - GLP + Quiz - Problem-Aware Swipe Expansion - 2026-05-08 - Clean Review - Copy 2,ACTIVE,ACTIVE,120245876913670293,Concept 5 - Quiz Offer / Proof / Guarantee,ACTIVE,ACTIVE,ACTIVE,120245876914160293,ProblemAware QUIZ tenor-21-C023-quiz - 52% Off Limited-Time Welcome Offer,ACTIVE,ACTIVE,ACTIVE,1496780871853106,ProblemAware QUIZ tenor-21-C023-quiz - 52% Off Limited-Time Welcome Offer 2026-05-08-479b10b5cf1fe29aa46eb3ec1e99c62a,https://shoptenorco.com/8b89a76d/daily-drive-essentials/quiz/?utm_source=meta&utm_medium=paid,/8b89a76d/daily-drive-essentials/quiz/,"SAVE 52% + $35 WELCOME KIT VALUE

21 active ingredients. Disclosed doses. Third-party tested.

See how Tenor Daily Drive Essentials is helping men support steady energy, drive, and presence — naturally.

Two capsules every morning. No prescription. No clinic. No needles.

Get The Protocol — start your 30-day supply for $44 at 52% off and receive a $35 Welcome Kit value.",52% Off Limited-Time Welcome Offer,✅ 90-Day Guarantee,LEARN_MORE,https://scontent-xxc1-1.xx.fbcdn.net/v/t45.1600-4/685792553_122114392581250768_8726666466718482884_n.png?_nc_cat=111&ccb=1-7&_nc_ohc=64X0GnpxK9IQ7kNvwGxGYO8&_nc_oc=AdqKbZDVrKtEwCS7iJAdNQqalUQ-nc7L9cbqzb-kx2M8-IB9MRP0h5eN6q1G5yop79IRVZL1pGwUKEPPKtBjqQIX&_nc_zt=1&_nc_ht=scontent-xxc1-1.xx&edm=ANIILHsEAAAA&_nc_gid=_vvtvGUp9AUJTNETyb4NeQ&_nc_tpa=Q5bMBQGlO6WBrnqOVCwj3frGcKHecJUkst2E2depUKwNBTySZNb2ytYfk587XA4IMWkf-8XxYaZxiOGEKw&stp=c0.5000x0.5000f_dst-emg0_p64x64_q75_tt6&ur=52f3c4&_nc_sid=58080a&oh=00_Af4gKhiQQKZUwBtHumJgBBtFzEyHDhZ71Ce3Fc1SnqO40w&oe=6A08172A,288ae9dc764e171a4edf67913438349c | 10d96ed47f264830d4576d5ab4e68d0d | 0bfb4aa12b270388d27ae2b1e8cd7b32,ASSET_80D3C90E_3C83_4A2A_9543_C906046DF723_1X1 | ASSET_80D3C90E_3C83_4A2A_9543_C906046DF723_9X16 | ASSET_80D3C90E_3C83_4A2A_9543_C906046DF723_4X5,{},{},2026-05-11T15:03:02-0700,2026-05-11T15:05:52-0700
